Sample Collection Date,Sample ID no.,Host Species,Sample Location - County,Sample Location - State,Sample Location - Site,Isolate ID No.,Genbank,CFU,Fungus Classification - Phylum,Fungus Classification - Class,Fungus Classification - Order,Fungus Classification - Family,Fungus Classification -Genus,Fungus Classification - Species,OTU (cluster),,,,,,,,,,,,
20170613,46379_1060,Antrozous pallidus,Mohave,AZ,AZ1,46379_1060_1LNA,MK782159,30,Basidiomycota,Tremellomycetes,Filobasidiales,Filobasidiaceae,Filobasidium,NA,cluster207,,,,,,,,,,,,
20170613,46379_1060,Antrozous pallidus,Mohave,AZ,AZ1,46379_1060_1SD,MK782160,3,Ascomycota,Dothideomycetes,Dothideales,Dothideaceae,Endoconidioma,populi,cluster21,,,,,,,,,,,,
20170613,46379_1060,Antrozous pallidus,Mohave,AZ,AZ1,46379_1060_2LNA,MK782161,5,Basidiomycota,Cystobasidiomycetes,Cystobasidiales,Cystobasidiaceae,Cystobasidium,psychroaquaticum,cluster166,,,,,,,,,,,,
20170613,46379_1060,Antrozous pallidus,Mohave,AZ,AZ1,46379_1060_3LNA,MK782162,5,Basidiomycota,Cystobasidiomycetes,Cystobasidiales,Cystobasidiaceae,Cystobasidium,psychroaquaticum,cluster166,,,,,,,,,,,,
20170614,46379_1062,Eptesicus fuscus,Mohave,AZ,AZ1,46379_1062_1LNA,MK782163,1,Basidiomycota,Cystobasidiomycetes,Cystobasidiales,NA,NA,NA,cluster167,,,,,,,,,,,,
20170613,46379_1063,Myotis californicus,Mohave,AZ,AZ1,NA,NA,no fungi isolated,NA,NA,NA,NA,NA,NA,NA,,,,,,,,,,,,
20170613,46379_1064,Myotis californicus,Mohave,AZ,AZ1,46379_1064_1LNA,MK782164,2,Ascomycota,Dothideomycetes,Dothideales,Aureobasidiaceae,NA,NA,cluster2,,,,,,,,,,,,
20170613,46379_1064,Myotis californicus,Mohave,AZ,AZ1,46379_1064_1SD,MK782165,6,Ascomycota,Dothideomycetes,Dothideales,Aureobasidiaceae,Aureobasidium,NA,cluster2,,,,,,,,,,,,
20170613,46379_1064,Myotis californicus,Mohave,AZ,AZ1,46379_1064_2LNA,MK782166,39,Basidiomycota,Tremellomycetes,Filobasidiales,Filobasidiaceae,Naganishia,friedmannii,cluster204,,,,,,,,,,,,
20170613,46379_1065,Antrozous pallidus,Mohave,AZ,AZ1,NA,NA,no fungi isolated,NA,NA,NA,NA,NA,NA,NA,,,,,,,,,,,,
20170613,46379_1425,Antrozous pallidus,Mohave,AZ,AZ1,NA,NA,no fungi isolated,NA,NA,NA,NA,NA,NA,NA,,,,,,,,,,,,
20170613,46379_1426,Antrozous pallidus,Mohave,AZ,AZ1,NA,NA,no fungi isolated,NA,NA,NA,NA,NA,NA,NA,,,,,,,,,,,,
20170613,46379_1427,Parastrellus hesperus,Mohave,AZ,AZ1,NA,NA,no fungi isolated,NA,NA,NA,NA,NA,NA,NA,,,,,,,,,,,,
20170613,46379_1428,Parastrellus hesperus,Mohave,AZ,AZ1,NA,NA,no fungi isolated,NA,NA,NA,NA,NA,NA,NA,,,,,,,,,,,,
20170613,46379_1429,Myotis volans,Mohave,AZ,AZ1,NA,NA,no fungi isolated,NA,NA,NA,NA,NA,NA,NA,,,,,,,,,,,,
20170613,46379_1430,Antrozous pallidus,Mohave,AZ,AZ1,46379_1430_1LNA,MK782231,19,Ascomycota,Dothideomycetes,Dothideales,NA,NA,NA,cluster2,,,,,,,,,,,,
20170613,46379_1430,Antrozous pallidus,Mohave,AZ,AZ1,46379_1430_1SD,MK782232,3,Ascomycota,Dothideomycetes,Dothideales,NA,NA,NA,cluster2,,,,,,,,,,,,
20170613,46379_1431,Parastrellus hesperus,Mohave,AZ,AZ1,NA,NA,no fungi isolated,NA,NA,NA,NA,NA,NA,NA,,,,,,,,,,,,
20170613,46379_1432,Myotis volans,Mohave,AZ,AZ1,NA,NA,no fungi isolated,NA,NA,NA,NA,NA,NA,NA,,,,,,,,,,,,
20170613,46379_1433,Parastrellus hesperus,Mohave,AZ,AZ1,46379_1433_1SD,MK782233,1,Ascomycota,Dothideomycetes,Dothideales,Dothideaceae,Endoconidioma,populi,cluster21,,,,,,,,,,,,
20170613,46379_1434,Antrozous pallidus,Mohave,AZ,AZ1,46379_1434_1LNA,MK782234,12,Basidiomycota,Tremellomycetes,Filobasidiales,Filobasidiaceae,Filobasidium,wieringae,cluster55,,,,,,,,,,,,
20170613,46379_1434,Antrozous pallidus,Mohave,AZ,AZ1,46379_1434_1SD,MK782235,1,Ascomycota,Dothideomycetes,Myriangiales,NA,NA,NA,cluster155,,,,,,,,,,,,
20170613,46379_1434,Antrozous pallidus,Mohave,AZ,AZ1,46379_1434_2LNA,MK782236,22,Basidiomycota,Tremellomycetes,Tremellales,Sirobasidiaceae,Fibulobasidium,NA,cluster165,,,,,,,,,,,,
20170613,46379_1434,Antrozous pallidus,Mohave,AZ,AZ1,46379_1434_3LNA,MK782237,1,Ascomycota,Dothideomycetes,Dothideales,Aureobasidiaceae,Aureobasidium,NA,cluster50,,,,,,,,,,,,
20170613,46379_1435,Parastrellus hesperus,Mohave,AZ,AZ1,NA,NA,no fungi isolated,NA,NA,NA,NA,NA,NA,NA,,,,,,,,,,,,
20170613,46379_1436,Parastrellus hesperus,Mohave,AZ,AZ1,NA,NA,no fungi isolated,NA,NA,NA,NA,NA,NA,NA,,,,,,,,,,,,
20170613,46379_1437,Parastrellus hesperus,Mohave,AZ,AZ1,NA,NA,no fungi isolated,NA,NA,NA,NA,NA,NA,NA,,,,,,,,,,,,
20170613,46379_1438,Parastrellus hesperus,Mohave,AZ,AZ1,46379_1438_1LNA,MK782238,2,Basidiomycota,Tremellomycetes,Filobasidiales,Filobasidiaceae,Naganishia,albida,cluster183,,,,,,,,,,,,
20170613,46379_1438,Parastrellus hesperus,Mohave,AZ,AZ1,46379_1438_2LNA,MK782239,14,Basidiomycota,Tremellomycetes,Filobasidiales,Filobasidiaceae,Filobasidium,NA,cluster89,,,,,,,,,,,,
20170613,46379_1439,Parastrellus hesperus,Mohave,AZ,AZ1,46379_1439_1LNA,MK782240,6,Ascomycota,Dothideomycetes,Dothideales,Aureobasidiaceae,NA,NA,cluster50,,,,,,,,,,,,
20170613,46379_1440,Myotis californicus,Mohave,AZ,AZ1,46379_1440_1LNA,MK782241,12,Ascomycota,Dothideomycetes,Dothideales,Aureobasidiaceae,NA,NA,cluster2,,,,,,,,,,,,
20170613,46379_1441,Myotis californicus,Mohave,AZ,AZ1,NA,NA,no fungi isolated,NA,NA,NA,NA,NA,NA,NA,,,,,,,,,,,,
20170613,46379_1442,Parastrellus hesperus,Mohave,AZ,AZ1,46379_1442_1LNA,MK782242,1,Ascomycota,Dothideomycetes,Dothideales,Dothideaceae,Endoconidioma,populi,cluster21,,,,,,,,,,,,
20170613,46379_1443,Myotis californicus,Mohave,AZ,AZ1,NA,NA,no fungi isolated,NA,NA,NA,NA,NA,NA,NA,,,,,,,,,,,,
20170613,46379_1444,Myotis californicus,Mohave,AZ,AZ1,46379_1444_1LNA,MK782243,8,Ascomycota,Dothideomycetes,Dothideales,Aureobasidiaceae,Aureobasidium,NA,cluster2,,,,,,,,,,,,
20170613,46379_1445,Parastrellus hesperus,Mohave,AZ,AZ1,46379_1445_1LNA,MK782244,1,Ascomycota,Dothideomycetes,Dothideales,Aureobasidiaceae,NA,NA,cluster2,,,,,,,,,,,,
20170613,46379_1445,Parastrellus hesperus,Mohave,AZ,AZ1,46379_1445_1SD,MK782245,2,Ascomycota,Dothideomycetes,Dothideales,Aureobasidiaceae,Aureobasidium,NA,cluster2,,,,,,,,,,,,
20170613,46379_1446,Parastrellus hesperus,Mohave,AZ,AZ1,NA,NA,no fungi isolated,NA,NA,NA,NA,NA,NA,NA,,,,,,,,,,,,
20170613,46379_1447,Parastrellus hesperus,Mohave,AZ,AZ1,NA,NA,no fungi isolated,NA,NA,NA,NA,NA,NA,NA,,,,,,,,,,,,
20170613,46379_1448,Antrozous pallidus,Mohave,AZ,AZ1,46379_1448_1LNA,MK782246,33,Ascomycota,Dothideomycetes,Dothideales,Aureobasidiaceae,Aureobasidium,pullulans,cluster50,,,,,,,,,,,,
20170613,46379_1448,Antrozous pallidus,Mohave,AZ,AZ1,46379_1448_1SD,MK782247,100,Ascomycota,Dothideomycetes,Dothideales,Aureobasidiaceae,Aureobasidium,NA,cluster2,,,,,,,,,,,,
20170613,46379_1448,Antrozous pallidus,Mohave,AZ,AZ1,46379_1448_2LNA,MK782248,34,Ascomycota,Dothideomycetes,Dothideales,Aureobasidiaceae,Aureobasidium,NA,cluster2,,,,,,,,,,,,
20170613,46379_1448,Antrozous pallidus,Mohave,AZ,AZ1,46379_1448_2SD,MK782249,3,Ascomycota,Dothideomycetes,Dothideales,Dothideaceae,Dothidea,NA,cluster119,,,,,,,,,,,,
20170613,46379_1448,Antrozous pallidus,Mohave,AZ,AZ1,46379_1448_3LNA,MK782250,33,Basidiomycota,Tremellomycetes,Filobasidiales,Filobasidiaceae,Filobasidium,magnum,cluster56,,,,,,,,,,,,
20170613,46379_1449,Parastrellus hesperus,Mohave,AZ,AZ1,NA,NA,no fungi isolated,NA,NA,NA,NA,NA,NA,NA,,,,,,,,,,,,
20170613,46379_1450,Myotis californicus,Mohave,AZ,AZ1,NA,NA,no fungi isolated,NA,NA,NA,NA,NA,NA,NA,,,,,,,,,,,,
20170613,46379_1451,Parastrellus hesperus,Mohave,AZ,AZ1,NA,NA,no fungi isolated,NA,NA,NA,NA,NA,NA,NA,,,,,,,,,,,,
20170613,46379_1452,Myotis volans,Mohave,AZ,AZ1,NA,NA,no fungi isolated,NA,NA,NA,NA,NA,NA,NA,,,,,,,,,,,,
20170613,46379_1453,Antrozous pallidus,Mohave,AZ,AZ1,NA,NA,no fungi isolated,NA,NA,NA,NA,NA,NA,NA,,,,,,,,,,,,
20170613,46379_1454,Antrozous pallidus,Mohave,AZ,AZ1,46379_1454_1LNA,MK782252,15,Basidiomycota,Tremellomycetes,Filobasidiales,Filobasidiaceae,Naganishia,diffluens,cluster15,,,,,,,,,,,,
20170613,46379_1454,Antrozous pallidus,Mohave,AZ,AZ1,46379_1454_1SD,MK782251,1,Ascomycota,Dothideomycetes,Dothideales,Aureobasidiaceae,Aureobasidium,pullulans,cluster50,,,,,,,,,,,,
20170613,46379_1454,Antrozous pallidus,Mohave,AZ,AZ1,46379_1454_1SD,MK782253,1,Basidiomycota,Tremellomycetes,Filobasidiales,Filobasidiaceae,Naganishia,diffluens,cluster15,,,,,,,,,,,,
20170613,46379_1454,Antrozous pallidus,Mohave,AZ,AZ1,46379_1454_2LNA,MK782254,7,Basidiomycota,Tremellomycetes,Filobasidiales,Filobasidiaceae,Naganishia,bhutanensis,cluster183,,,,,,,,,,,,
20170613,46379_217,Antrozous pallidus,Mohave,AZ,AZ1,NA,NA,no fungi isolated,NA,NA,NA,NA,NA,NA,NA,,,,,,,,,,,,
20170613,46379_219,Myotis californicus,Mohave,AZ,AZ1,46379_219_1LNA,MK782362,9,Basidiomycota,Tremellomycetes,Tremellales,Bulleribasidiaceae,Vishniacozyma,NA,cluster10,,,,,,,,,,,,
20170613,46379_219,Myotis californicus,Mohave,AZ,AZ1,46379_219_1SD,MK782363,5,Basidiomycota,Tremellomycetes,Tremellales,Bulleribasidiaceae,Vishniacozyma,NA,cluster10,,,,,,,,,,,,
20170613,46379_219,Myotis californicus,Mohave,AZ,AZ1,46379_219_2SD,MK782364,4,Ascomycota,Arthoniomycetes,Lichenostigmatales,Phaeococcomycetaceae,Phaeococcomyces,NA,cluster173,,,,,,,,,,,,
20170613,46379_279,Myotis californicus,Mohave,AZ,AZ1,NA,NA,no fungi isolated,NA,NA,NA,NA,NA,NA,NA,,,,,,,,,,,,
20170614,46379_280,Myotis thysanodes,Mohave,AZ,AZ1,46379_280_1LNA,MK782377,1,Ascomycota,Dothideomycetes,Dothideales,Dothioraceae,Hormonema,macrosporum,cluster146,,,,,,,,,,,,
20170614,46379_280,Myotis thysanodes,Mohave,AZ,AZ1,46379_280_2LNA,MK782378,1,Basidiomycota,Tremellomycetes,Filobasidiales,Filobasidiaceae,Filobasidium,wieringae,cluster55,,,,,,,,,,,,
20170614,46379_282,Antrozous pallidus,Mohave,AZ,AZ1,46379_282_1SD,MK782379,10,Ascomycota,Arthoniomycetes,Lichenostigmatales,Phaeococcomycetaceae,Phaeococcomyces,NA,cluster173,,,,,,,,,,,,
20170613,46379_285,Myotis californicus,Mohave,AZ,AZ1,46379_285_1LNA,MK782381,2,Basidiomycota,Tremellomycetes,Filobasidiales,Filobasidiaceae,Filobasidium,NA,cluster89,,,,,,,,,,,,
20170613,46379_285,Myotis californicus,Mohave,AZ,AZ1,46379_285_1SD,MK782380,1,Ascomycota,Dothideomycetes,Dothideales,Aureobasidiaceae,Aureobasidium,NA,cluster2,,,,,,,,,,,,
20170613,46379_285,Myotis californicus,Mohave,AZ,AZ1,46379_285_1SD,MK782382,2,Ascomycota,Dothideomycetes,Dothideales,Aureobasidiaceae,Aureobasidium,NA,cluster2,,,,,,,,,,,,
20170613,46379_285,Myotis californicus,Mohave,AZ,AZ1,46379_285_2LNA,MK782383,6,Basidiomycota,Tremellomycetes,Filobasidiales,Filobasidiaceae,Naganishia,albida,cluster15,,,,,,,,,,,,
20170614,46379_286,Myotis thysanodes,Mohave,AZ,AZ1,NA,NA,no fungi isolated,NA,NA,NA,NA,NA,NA,NA,,,,,,,,,,,,
20170614,46379_289,Myotis volans,Mohave,AZ,AZ1,46379_289_1LNA,MK782385,11,Ascomycota,Dothideomycetes,Dothideales,Aureobasidiaceae,Aureobasidium,pullulans,cluster50,,,,,,,,,,,,
20170614,46379_289,Myotis volans,Mohave,AZ,AZ1,46379_289_1SD,MK782386,2,Ascomycota,Dothideomycetes,Dothideales,Aureobasidiaceae,Aureobasidium,pullulans,cluster50,,,,,,,,,,,,
20170613,46379_294,Myotis volans,Mohave,AZ,AZ1,NA,NA,no fungi isolated,NA,NA,NA,NA,NA,NA,NA,,,,,,,,,,,,
20170613,46379_300,Parastrellus hesperus,Mohave,AZ,AZ1,NA,NA,no fungi isolated,NA,NA,NA,NA,NA,NA,NA,,,,,,,,,,,,
20170613,46379_301,Myotis ciliolabrum,Mohave,AZ,AZ1,NA,NA,no fungi isolated,NA,NA,NA,NA,NA,NA,NA,,,,,,,,,,,,
20170613,46379_821,Myotis thysanodes,Mohave,AZ,AZ1,NA,NA,no fungi isolated,NA,NA,NA,NA,NA,NA,NA,,,,,,,,,,,,
20170614,46379_823,Myotis thysanodes,Mohave,AZ,AZ1,46379_823_1LNA,MK782460,22,Ascomycota,NA,NA,NA,NA,NA,cluster180,,,,,,,,,,,,
20170614,46379_823,Myotis thysanodes,Mohave,AZ,AZ1,46379_823_1SD,MK782461,10,Ascomycota,Dothideomycetes,Dothideales,Dothioraceae,Hormonema,macrosporum,cluster146,,,,,,,,,,,,
20170614,46379_823,Myotis thysanodes,Mohave,AZ,AZ1,46379_823_2LNA,MK782462,14,Ascomycota,Dothideomycetes,Dothideales,Dothioraceae,Hormonema,macrosporum,cluster146,,,,,,,,,,,,
20170613,46379_826,Myotis californicus,Mohave,AZ,AZ1,46379_826_1LNA,MK782463,21,Basidiomycota,Tremellomycetes,Filobasidiales,Filobasidiaceae,Filobasidium,NA,cluster89,,,,,,,,,,,,
20170613,46379_835,Myotis californicus,Mohave,AZ,AZ1,46379_835_1LNA,MK782467,13,Ascomycota,Dothideomycetes,Dothideales,Aureobasidiaceae,Aureobasidium,pullulans,cluster50,,,,,,,,,,,,
20170613,46379_835,Myotis californicus,Mohave,AZ,AZ1,46379_835_1SD,MK782468,7,Ascomycota,Dothideomycetes,Dothideales,Aureobasidiaceae,Aureobasidium,pullulans,cluster50,,,,,,,,,,,,
20170614,46379_837,Myotis volans,Mohave,AZ,AZ1,46379_837_1LNA,MK782469,2,Basidiomycota,Tremellomycetes,Tremellales,Tremellaceae,Tremella,NA,cluster132,,,,,,,,,,,,
20170614,46379_837,Myotis volans,Mohave,AZ,AZ1,46379_837_3LNA,MK782470,14,Ascomycota,Dothideomycetes,Dothideales,Dothioraceae,Hormonema,macrosporum,cluster146,,,,,,,,,,,,
20170613,46379_849,Antrozous pallidus,Mohave,AZ,AZ1,NA,NA,no fungi isolated,NA,NA,NA,NA,NA,NA,NA,,,,,,,,,,,,
20160828-20160906,45699_970,Myotis lucifugus,Peace River,BC,BC1,NA,NA,no fungi isolated,NA,NA,NA,NA,NA,NA,NA,,,,,,,,,,,,
20160828-20160906,45699_974,Myotis lucifugus,Peace River,BC,BC1,NA,NA,no fungi isolated,NA,NA,NA,NA,NA,NA,NA,,,,,,,,,,,,
20160828-20160906,45699_980,Myotis volans,Peace River,BC,BC1,NA,NA,no fungi isolated,NA,NA,NA,NA,NA,NA,NA,,,,,,,,,,,,
20160828-20160906,45699_982,Myotis lucifugus,Peace River,BC,BC1,NA,NA,no fungi isolated,NA,NA,NA,NA,NA,NA,NA,,,,,,,,,,,,
20160828-20160906,45699_986,Myotis lucifugus,Peace River,BC,BC1,45699_986_2aSD,MK782486,200,Basidiomycota,Tremellomycetes,Cystofilobasidiales,Cystofilobasidiaceae,Guehomyces,pullulans,cluster187,,,,,,,,,,,,
20160828-20160906,45699_986,Myotis lucifugus,Peace River,BC,BC1,45699_986_3SD,MK782487,50,Ascomycota,Saccharomycetes,Saccharomycetales,Saccharomycetales_fam_Incertae_sedis,Candida,sake,cluster85,,,,,,,,,,,,
20160828-20160906,45699_988,Myotis lucifugus,Peace River,BC,BC1,NA,NA,no fungi isolated,NA,NA,NA,NA,NA,NA,NA,,,,,,,,,,,,
20160828-20160906,45699_990,Myotis evotis,Peace River,BC,BC1,45699_990_3aSD,MK782488,100,Ascomycota,Dothideomycetes,Dothideales,Aureobasidiaceae,Aureobasidium,pullulans,cluster50,,,,,,,,,,,,
20160828-20160906,45699_991,Myotis volans,Peace River,BC,BC1,45699_991_1SD,MK782489,20,Basidiomycota,Tremellomycetes,Cystofilobasidiales,Cystofilobasidiaceae,Cystofilobasidium,capitatum,cluster87,,,,,,,,,,,,
20160828-20160906,45699_991,Myotis volans,Peace River,BC,BC1,45699_991_2LNA,MK782490,2,Basidiomycota,Tremellomycetes,Cystofilobasidiales,Cystofilobasidiaceae,Cystofilobasidium,capitatum,cluster87,,,,,,,,,,,,
20160828-20160906,45699_991,Myotis volans,Peace River,BC,BC1,45699_991_3SD,MK782491,10,Ascomycota,Saccharomycetes,Saccharomycetales,Metschnikowiaceae,Metschnikowia,NA,cluster170,,,,,,,,,,,,
20160828-20160906,45699_994,Myotis lucifugus,Peace River,BC,BC1,45699_994_1SD,MK782492,300,Ascomycota,Saccharomycetes,Saccharomycetales,Metschnikowiaceae,Metschnikowia,NA,cluster170,,,,,,,,,,,,
20160828-20160906,45699_995,Myotis lucifugus,Peace River,BC,BC1,NA,NA,no fungi isolated,NA,NA,NA,NA,NA,NA,NA,,,,,,,,,,,,
20160828-20160906,45699_999,Myotis lucifugus,Peace River,BC,BC1,NA,NA,no fungi isolated,NA,NA,NA,NA,NA,NA,NA,,,,,,,,,,,,
20170722,46420_1040,Myotis volans,Squamish-Lillooet,BC,BC2,NA,NA,no fungi isolated,NA,NA,NA,NA,NA,NA,NA,,,,,,,,,,,,
20170724,46420_1475,Euderma maculatum,Squamish-Lillooet,BC,BC2,NA,NA,no fungi isolated,NA,NA,NA,NA,NA,NA,NA,,,,,,,,,,,,
20170722,46420_1476,Myotis evotis,Squamish-Lillooet,BC,BC2,46420_1476_1LNA,MK782255,70,Ascomycota,Dothideomycetes,Dothideales,Aureobasidiaceae,Aureobasidium,pullulans,cluster50,,,,,,,,,,,,
20170722,46420_1476,Myotis evotis,Squamish-Lillooet,BC,BC2,46420_1476_1SD,MK782256,70,Ascomycota,Dothideomycetes,Dothideales,Aureobasidiaceae,Aureobasidium,pullulans,cluster50,,,,,,,,,,,,
20170722,46420_1477,Myotis evotis,Squamish-Lillooet,BC,BC2,46420_1477_1LNA,MK782257,100,Ascomycota,Dothideomycetes,Dothideales,Aureobasidiaceae,Aureobasidium,pullulans,cluster50,,,,,,,,,,,,
20170722,46420_1477,Myotis evotis,Squamish-Lillooet,BC,BC2,46420_1477_1LNA,MK782258,100,Ascomycota,Dothideomycetes,Dothideales,Aureobasidiaceae,Aureobasidium,pullulans,cluster50,,,,,,,,,,,,
20170724,46420_1480,Euderma maculatum,Squamish-Lillooet,BC,BC2,46420_1480_1LNA,MK782259,50,Ascomycota,Dothideomycetes,Dothideales,NA,NA,NA,cluster2,,,,,,,,,,,,
20170724,46420_1480,Euderma maculatum,Squamish-Lillooet,BC,BC2,46420_1480_1SD,MK782260,100,Ascomycota,Dothideomycetes,Dothideales,NA,NA,NA,cluster2,,,,,,,,,,,,
20170724,46420_1480,Euderma maculatum,Squamish-Lillooet,BC,BC2,46420_1480_2LNA,MK782261,50,Ascomycota,Dothideomycetes,Dothideales,NA,NA,NA,cluster115,,,,,,,,,,,,
20170722,46420_1481,Myotis ciliolabrum,Squamish-Lillooet,BC,BC2,NA,NA,no fungi isolated,NA,NA,NA,NA,NA,NA,NA,,,,,,,,,,,,
20170724,46420_1482,Euderma maculatum,Squamish-Lillooet,BC,BC2,NA,NA,no fungi isolated,NA,NA,NA,NA,NA,NA,NA,,,,,,,,,,,,
20170724,46420_1488,Euderma maculatum,Squamish-Lillooet,BC,BC2,NA,NA,no fungi isolated,NA,NA,NA,NA,NA,NA,NA,,,,,,,,,,,,
20170722,46420_1489,Myotis ciliolabrum,Squamish-Lillooet,BC,BC2,NA,NA,no fungi isolated,NA,NA,NA,NA,NA,NA,NA,,,,,,,,,,,,
20170724,46420_1491,Euderma maculatum,Squamish-Lillooet,BC,BC2,NA,NA,no fungi isolated,NA,NA,NA,NA,NA,NA,NA,,,,,,,,,,,,
20170724,46420_1492,Euderma maculatum,Squamish-Lillooet,BC,BC2,46420_1492_1LNA,MK782262,20,Basidiomycota,Tremellomycetes,Filobasidiales,Filobasidiaceae,Naganishia,friedmannii,cluster204,,,,,,,,,,,,
20170724,46420_1492,Euderma maculatum,Squamish-Lillooet,BC,BC2,46420_1492_1SD,MK782263,53,Ascomycota,Dothideomycetes,Dothideales,Aureobasidiaceae,Aureobasidium,NA,cluster2,,,,,,,,,,,,
20170724,46420_1492,Euderma maculatum,Squamish-Lillooet,BC,BC2,46420_1492_2SD,MK782264,5,Basidiomycota,Ustilaginomycetes,Ustilaginales,Ustilaginaceae,Tranzscheliella,williamsii,cluster133,,,,,,,,,,,,
20170725,46420_984,Euderma maculatum,Squamish-Lillooet,BC,BC2,NA,NA,no fungi isolated,NA,NA,NA,NA,NA,NA,NA,,,,,,,,,,,,
20160409,45699_081,Myotis yumanensis,Central Kootenay,BC,BC3,45699_081_1LNA,MK782459,30,Ascomycota,Saccharomycetes,Saccharomycetales,Trichomonascaceae,Blastobotrys,buckinghamii,cluster142,,,,,,,,,,,,
20160409,45699_082,Myotis yumanensis,Central Kootenay,BC,BC3,45699_082_3LNA,MK782464,41,Ascomycota,Saccharomycetes,Saccharomycetales,Trichomonascaceae,Blastobotrys,buckinghamii,cluster142,,,,,,,,,,,,
20160409,45699_084,Myotis yumanensis,Central Kootenay,BC,BC3,45699_084_1LNA,MK782477,50,Ascomycota,Saccharomycetes,Saccharomycetales,Trichomonascaceae,Blastobotrys,buckinghamii,cluster142,,,,,,,,,,,,
20160409,45699_086,Myotis yumanensis,Central Kootenay,BC,BC3,NA,NA,no fungi isolated,NA,NA,NA,NA,NA,NA,NA,,,,,,,,,,,,
20160409,45699_090,Myotis yumanensis,Central Kootenay,BC,BC3,NA,NA,no fungi isolated,NA,NA,NA,NA,NA,NA,NA,,,,,,,,,,,,
20160409,45699_093,Myotis yumanensis,Central Kootenay,BC,BC3,45699_093_3SD,MK782479,30,Ascomycota,Dothideomycetes,Dothideales,Aureobasidiaceae,Aureobasidium,pullulans,cluster50,,,,,,,,,,,,
20160409,45699_094,Myotis yumanensis,Central Kootenay,BC,BC3,NA,NA,no fungi isolated,NA,NA,NA,NA,NA,NA,NA,,,,,,,,,,,,
20160409,45699_095,Myotis yumanensis,Central Kootenay,BC,BC3,45699_095_1LNA,MK782480,100,Ascomycota,Saccharomycetes,Saccharomycetales,Trichomonascaceae,Blastobotrys,buckinghamii,cluster142,,,,,,,,,,,,
20160409,45699_097,Myotis yumanensis,Central Kootenay,BC,BC3,45699_097_3LNA,MK782485,200,Ascomycota,Saccharomycetes,Saccharomycetales,Trichomonascaceae,Blastobotrys,buckinghamii,cluster142,,,,,,,,,,,,
20160409,45699_098,Myotis yumanensis,Central Kootenay,BC,BC3,NA,NA,no fungi isolated,NA,NA,NA,NA,NA,NA,NA,,,,,,,,,,,,
20160409,45699_099,Myotis yumanensis,Central Kootenay,BC,BC3,45699_099_1aLNA,MK782493,3,Ascomycota,Saccharomycetes,Saccharomycetales,Trichomonascaceae,Blastobotrys,buckinghamii,cluster142,,,,,,,,,,,,
20160409,45699_100,Myotis yumanensis,Central Kootenay,BC,BC3,NA,NA,no fungi isolated,NA,NA,NA,NA,NA,NA,NA,,,,,,,,,,,,
20160409,45699_101,Myotis yumanensis,Central Kootenay,BC,BC3,45699_101_1LNA,MK782157,4,Ascomycota,Saccharomycetes,Saccharomycetales,Trichomonascaceae,Blastobotrys,buckinghamii,cluster142,,,,,,,,,,,,
20160409,45699_104,Myotis yumanensis,Central Kootenay,BC,BC3,45699_104_2LNA,MK782158,12,Ascomycota,Saccharomycetes,Saccharomycetales,Trichomonascaceae,Blastobotrys,buckinghamii,cluster142,,,,,,,,,,,,
20160409,45699_105,Myotis yumanensis,Central Kootenay,BC,BC3,NA,NA,no fungi isolated,NA,NA,NA,NA,NA,NA,NA,,,,,,,,,,,,
20160409,45699_107,Myotis yumanensis,Central Kootenay,BC,BC3,45699_107_2aSD,MK782169,1,Ascomycota,Dothideomycetes,Pleosporales,Didymellaceae,NA,NA,cluster17,,,,,,,,,,,,
20160409,45699_107,Myotis yumanensis,Central Kootenay,BC,BC3,45699_107_2LNA,MK782170,6,Ascomycota,Saccharomycetes,Saccharomycetales,Trichomonascaceae,Blastobotrys,buckinghamii,cluster142,,,,,,,,,,,,
20160409,45699_109,Myotis yumanensis,Central Kootenay,BC,BC3,45699_109_1bLNA,MK782174,11,Ascomycota,Saccharomycetes,Saccharomycetales,Trichomonascaceae,Blastobotrys,buckinghamii,cluster142,,,,,,,,,,,,
20160409,45699_111,Myotis yumanensis,Central Kootenay,BC,BC3,45699_111_1LNA,MK782175,18,Ascomycota,Saccharomycetes,Saccharomycetales,Trichomonascaceae,Blastobotrys,buckinghamii,cluster142,,,,,,,,,,,,
20160409,45699_113,Myotis yumanensis,Central Kootenay,BC,BC3,NA,NA,no fungi isolated,NA,NA,NA,NA,NA,NA,NA,,,,,,,,,,,,
20160409,45699_114,Myotis yumanensis,Central Kootenay,BC,BC3,NA,NA,no fungi isolated,NA,NA,NA,NA,NA,NA,NA,,,,,,,,,,,,
20160409,45699_116,Myotis yumanensis,Central Kootenay,BC,BC3,45699_116_1LNA,MK782201,150,Ascomycota,Saccharomycetes,Saccharomycetales,Trichomonascaceae,Blastobotrys,buckinghamii,cluster142,,,,,,,,,,,,
20160409,45699_117,Myotis yumanensis,Central Kootenay,BC,BC3,45699_117_1SD,MK782212,2,Basidiomycota,Tremellomycetes,Tremellales,Bulleribasidiaceae,Vishniacozyma,victoriae,cluster11,,,,,,,,,,,,
20160409,45699_119,Myotis yumanensis,Central Kootenay,BC,BC3,NA,NA,no fungi isolated,NA,NA,NA,NA,NA,NA,NA,,,,,,,,,,,,
20160409,45699_120,Myotis yumanensis,Central Kootenay,BC,BC3,NA,NA,no fungi isolated,NA,NA,NA,NA,NA,NA,NA,,,,,,,,,,,,
20160409,45699_121,Myotis yumanensis,Central Kootenay,BC,BC3,NA,NA,no fungi isolated,NA,NA,NA,NA,NA,NA,NA,,,,,,,,,,,,
20160409,45699_122,Myotis yumanensis,Central Kootenay,BC,BC3,45699_122_3LNA,MK782219,11,Ascomycota,Saccharomycetes,Saccharomycetales,Trichomonascaceae,Blastobotrys,buckinghamii,cluster142,,,,,,,,,,,,
20160409,45699_125,Myotis yumanensis,Central Kootenay,BC,BC3,NA,NA,no fungi isolated,NA,NA,NA,NA,NA,NA,NA,,,,,,,,,,,,
20160409,45699_129,Myotis yumanensis,Central Kootenay,BC,BC3,45699_129_3LNA,MK782220,3,Ascomycota,Saccharomycetes,Saccharomycetales,Trichomonascaceae,Blastobotrys,buckinghamii,cluster142,,,,,,,,,,,,
20160418,45701_663,Myotis yumanensis,Humboldt ,CA,CA1,NA,NA,no fungi isolated,NA,NA,NA,NA,NA,NA,NA,,,,,,,,,,,,
20160418,45701_669,Myotis yumanensis,Humboldt ,CA,CA1,NA,NA,no fungi isolated,NA,NA,NA,NA,NA,NA,NA,,,,,,,,,,,,
20160418,45701_677,Myotis yumanensis,Humboldt ,CA,CA1,45701_677_1LNA,MK782430,1,Ascomycota,Saccharomycetes,Saccharomycetales,NA,NA,NA,cluster79,,,,,,,,,,,,
20160418,45701_677,Myotis yumanensis,Humboldt ,CA,CA1,45701_677_2LNA,MK782431,5,Basidiomycota,Malasseziomycetes,Malasseziales,Malasseziaceae,Malassezia,NA,cluster62,,,,,,,,,,,,
20160418,45701_678,Myotis californicus,Humboldt ,CA,CA1,45701_678_1LNA,MK782432,50,Basidiomycota,Malasseziomycetes,Malasseziales,Malasseziaceae,Malassezia,NA,cluster62,,,,,,,,,,,,
20160418,45701_678,Myotis californicus,Humboldt ,CA,CA1,45701_678_2SD,MK782433,1,Ascomycota,Sordariomycetes,Hypocreales,Nectriaceae,Nectria,pseudotrichia,cluster151,,,,,,,,,,,,
20160507,45701_660,Myotis yumanensis,Humboldt ,CA,CA2,NA,NA,no fungi isolated,NA,NA,NA,NA,NA,NA,NA,,,,,,,,,,,,
20160429,45701_662,Myotis thysanodes,Humboldt ,CA,CA2,45701_662_1SD,MK782415,2,Ascomycota,Dothideomycetes,Dothideales,Aureobasidiaceae,Aureobasidium,pullulans,cluster50,,,,,,,,,,,,
20160502,45701_664,Myotis yumanensis,Humboldt ,CA,CA2,45701_664_0LNA,MK782416,100,Basidiomycota,Malasseziomycetes,Malasseziales,Malasseziaceae,Malassezia,NA,cluster62,,,,,,,,,,,,
20160507,45701_665,Myotis californicus,Humboldt ,CA,CA2,45701_665_0LNA,NA,100,NA,NA,NA,NA,Malassezia,NA,cluster62,,,,,,,,,,,,
20160507,45701_666,Myotis californicus,Humboldt ,CA,CA2,45701_666_1aSD,MK782417,5,Basidiomycota,Tremellomycetes,Tremellales,Tremellaceae,Tremella,globispora,cluster40,,,,,,,,,,,,
20160507,45701_666,Myotis californicus,Humboldt ,CA,CA2,45701_666_1SD,MK782418,300,Ascomycota,Dothideomycetes,Dothideales,Aureobasidiaceae,Aureobasidium,pullulans,cluster50,,,,,,,,,,,,
20160507,45701_666,Myotis californicus,Humboldt ,CA,CA2,45701_666_2SD,MK782419,10,Basidiomycota,Tremellomycetes,Tremellales,Bulleribasidiaceae,Vishniacozyma,victoriae,cluster11,,,,,,,,,,,,
20160501,45701_667,Myotis yumanensis,Humboldt ,CA,CA2,45701_667_1SD,MK782420,100,Ascomycota,Dothideomycetes,Dothideales,Aureobasidiaceae,Aureobasidium,pullulans,cluster50,,,,,,,,,,,,
20160501,45701_667,Myotis yumanensis,Humboldt ,CA,CA2,45701_667_2LNA,MK782421,10,Ascomycota,Dothideomycetes,Dothideales,Aureobasidiaceae,Aureobasidium,pullulans,cluster50,,,,,,,,,,,,
20160509,45701_668,Myotis yumanensis,Humboldt ,CA,CA2,45701_668_0LNA,MK782422,100,Basidiomycota,Malasseziomycetes,Malasseziales,Malasseziaceae,Malassezia,NA,cluster62,,,,,,,,,,,,
20160509,45701_668,Myotis yumanensis,Humboldt ,CA,CA2,45701_668_1SD,MK782423,1,Ascomycota,Sordariomycetes,Hypocreales,Niessliaceae,Eucasphaeria,capensis,cluster18,,,,,,,,,,,,
20160509,45701_668,Myotis yumanensis,Humboldt ,CA,CA2,45701_668_2SD,MK782424,3,Ascomycota,Dothideomycetes,Dothideales,Dothioraceae,Hormonema,viticola,cluster61,,,,,,,,,,,,
20160504,45701_670,Myotis evotis,Humboldt ,CA,CA2,45701_670_0LNA,MK782425,5,Ascomycota,Saccharomycetes,Saccharomycetales,Trichomonascaceae,Blastobotrys,buckinghamii,cluster142,,,,,,,,,,,,
20160509,45701_671,Myotis yumanensis,Humboldt ,CA,CA2,45701_671_1SD,MK782426,2,Basidiomycota,NA,NA,NA,NA,NA,cluster4,,,,,,,,,,,,
20160502,45701_672,Myotis californicus,Humboldt ,CA,CA2,NA,NA,no fungi isolated,NA,NA,NA,NA,NA,NA,NA,,,,,,,,,,,,
20160428,45701_673,Myotis californicus,Humboldt ,CA,CA2,45701_673_1LNA,MK782427,20,Basidiomycota,Exobasidiomycetes,Entylomatales,Entylomatales_fam_Incertae_sedis,Tilletiopsis,washingtonensis,cluster213,,,,,,,,,,,,
20160428,45701_673,Myotis californicus,Humboldt ,CA,CA2,45701_673_1SD,MK782428,500,Basidiomycota,Tremellomycetes,Holtermanniales,Holtermanniales_fam_Incertae_sedis,Holtermanniella,takashimae,cluster12,,,,,,,,,,,,
20160428,45701_673,Myotis californicus,Humboldt ,CA,CA2,45701_673_2SD,MK782429,3,Ascomycota,Sordariomycetes,Hypocreales,Nectriaceae,Nectria,ramulariae,cluster29,,,,,,,,,,,,
20160426,45701_674,Myotis californicus,Humboldt ,CA,CA2,NA,NA,no fungi isolated,NA,NA,NA,NA,NA,NA,NA,,,,,,,,,,,,
20160507,45701_675,Myotis yumanensis,Humboldt ,CA,CA2,NA,NA,no fungi isolated,NA,NA,NA,NA,NA,NA,NA,,,,,,,,,,,,
20160429,45701_679,Myotis thysanodes,Humboldt ,CA,CA2,NA,NA,no fungi isolated,NA,NA,NA,NA,NA,NA,NA,,,,,,,,,,,,
20160419,45701_682,Myotis californicus,Humboldt ,CA,CA2,45701_682_1LNA,MK782434,30,Basidiomycota,Malasseziomycetes,Malasseziales,Malasseziaceae,Malassezia,NA,cluster62,,,,,,,,,,,,
20160420,45701_683,Myotis yumanensis,Humboldt ,CA,CA2,45701_683_1LNA,MK782435,2,Ascomycota,Leotiomycetes,Helotiales,Vibrisseaceae,Phialocephala,fluminis,cluster100,,,,,,,,,,,,
20160420,45701_683,Myotis yumanensis,Humboldt ,CA,CA2,45701_683_4SD,MK782436,11,Ascomycota,Saccharomycetes,Saccharomycetales,Trichomonascaceae,Blastobotrys,buckinghamii,cluster142,,,,,,,,,,,,
20160509,45701_684,Myotis californicus,Humboldt ,CA,CA2,45701_684_1LNA,MK782437,100,Basidiomycota,Malasseziomycetes,Malasseziales,Malasseziaceae,Malassezia,NA,cluster62,,,,,,,,,,,,
20160509,45701_684,Myotis californicus,Humboldt ,CA,CA2,45701_684_3SD,MK782438,1,Ascomycota,Eurotiomycetes,Chaetothyriales,Herpotrichiellaceae,Exophiala,xenobiotica,cluster184,,,,,,,,,,,,
20160420,45701_685,Myotis yumanensis,Humboldt ,CA,CA2,45701_685_0LNA,MK782439,2,Ascomycota,Saccharomycetes,Saccharomycetales,Trichomonascaceae,Blastobotrys,buckinghamii,cluster142,,,,,,,,,,,,
20160426,45701_686,Myotis thysanodes,Humboldt ,CA,CA2,45701_686_1LNA,MK782440,3,Basidiomycota,Malasseziomycetes,Malasseziales,Malasseziaceae,Malassezia,NA,cluster62,,,,,,,,,,,,
20160420,45701_687,Myotis yumanensis,Humboldt ,CA,CA2,45701_687_1LNA,MK782441,10,Ascomycota,Saccharomycetes,Saccharomycetales,Trichomonascaceae,Blastobotrys,buckinghamii,cluster142,,,,,,,,,,,,
20160420,45701_687,Myotis yumanensis,Humboldt ,CA,CA2,45701_687_2SD,MK782442,3,Ascomycota,Saccharomycetes,Saccharomycetales,Trichomonascaceae,Blastobotrys,buckinghamii,cluster142,,,,,,,,,,,,
20160420,45701_688,Myotis yumanensis,Humboldt ,CA,CA2,45701_688_1LNA,MK782443,100,Basidiomycota,Malasseziomycetes,Malasseziales,Malasseziaceae,Malassezia,NA,cluster62,,,,,,,,,,,,
20160516,45701_691,Myotis californicus,Humboldt ,CA,CA2,45701_691_1LNA,MK782444,100,NA,NA,NA,NA,NA,NA,NA,,,,,,,,,,,,
20160516,45701_691,Myotis californicus,Humboldt ,CA,CA2,45701_691_5SD,MK782445,1,Ascomycota,Eurotiomycetes,Eurotiales,Trichocomaceae,Talaromyces,minioluteus,cluster190,,,,,,,,,,,,
20160516,45701_696,Myotis californicus,Humboldt ,CA,CA2,45701_696_1SD,MK782446,9,Ascomycota,Dothideomycetes,Dothideales,Aureobasidiaceae,Aureobasidium,pullulans,cluster50,,,,,,,,,,,,
20160516,45701_696,Myotis californicus,Humboldt ,CA,CA2,45701_696_6SD,MK782447,20,Basidiomycota,Tremellomycetes,Tremellales,Bulleribasidiaceae,Vishniacozyma,victoriae,cluster11,,,,,,,,,,,,
20160516,45701_696,Myotis californicus,Humboldt ,CA,CA2,45701_696_7SD,MK782448,1,Ascomycota,Leotiomycetes,Helotiales,NA,NA,NA,cluster174,,,,,,,,,,,,
20160517,45701_701,Myotis yumanensis,Humboldt ,CA,CA2,NA,NA,no fungi isolated,NA,NA,NA,NA,NA,NA,NA,,,,,,,,,,,,
20160517,45701_708,Myotis thysanodes,Humboldt ,CA,CA2,NA,NA,no fungi isolated,NA,NA,NA,NA,NA,NA,NA,,,,,,,,,,,,
20160508,45701_709,Myotis californicus,Humboldt ,CA,CA2,NA,NA,no fungi isolated,NA,NA,NA,NA,NA,NA,NA,,,,,,,,,,,,
20160516,45701_719,Myotis californicus,Humboldt ,CA,CA2,45701_719_0LNA,MK782452,50,Basidiomycota,Malasseziomycetes,Malasseziales,Malasseziaceae,Malassezia,NA,cluster62,,,,,,,,,,,,
20160502,45701_695,Myotis yumanensis,Humboldt ,CA,CA3,NA,NA,no fungi isolated,NA,NA,NA,NA,NA,NA,NA,,,,,,,,,,,,
20160502,45701_706,Myotis yumanensis,Humboldt ,CA,CA3,NA,NA,no fungi isolated,NA,NA,NA,NA,NA,NA,NA,,,,,,,,,,,,
20160203,45701_601,Corynorhinus townsendii,Siskiyou,CA,CA4,NA,NA,no fungi isolated,NA,NA,NA,NA,NA,NA,NA,,,,,,,,,,,,
20160203,45701_614,Corynorhinus townsendii,Siskiyou,CA,CA4,NA,NA,no fungi isolated,NA,NA,NA,NA,NA,NA,NA,,,,,,,,,,,,
20160203,45701_625,Corynorhinus townsendii,Siskiyou,CA,CA4,NA,NA,no fungi isolated,NA,NA,NA,NA,NA,NA,NA,,,,,,,,,,,,
20160203,45701_628,Myotis ciliolabrum,Siskiyou,CA,CA4,45701_628_2SD,MK782413,1,Ascomycota,Leotiomycetes,Thelebolales,Thelebolaceae,Thelebolus,globosus,cluster102,,,,,,,,,,,,
20170921,46388_1834,Antrozous pallidus,Marin,CA,CA5,46388_1834_1LNA,MK782325,1,Basidiomycota,Tremellomycetes,Holtermanniales,Holtermanniales_fam_Incertae_sedis,Holtermanniella,takashimae,cluster12,,,,,,,,,,,,
20170921,46388_1834,Antrozous pallidus,Marin,CA,CA5,46388_1834_1SD,MK782326,200,Basidiomycota,Tremellomycetes,Holtermanniales,Holtermanniales_fam_Incertae_sedis,Holtermanniella,takashimae,cluster12,,,,,,,,,,,,
20170921,46388_1834,Antrozous pallidus,Marin,CA,CA5,46388_1834_2aLNA,MK782327,20,Basidiomycota,Tremellomycetes,Tremellales,Bulleribasidiaceae,Vishniacozyma,heimaeyensis,cluster9,,,,,,,,,,,,
20170921,46388_1834,Antrozous pallidus,Marin,CA,CA5,46388_1834_2LNA,MK782328,20,Basidiomycota,Tremellomycetes,Tremellales,Bulleribasidiaceae,Vishniacozyma,victoriae,cluster11,,,,,,,,,,,,
20170921,46388_1834,Antrozous pallidus,Marin,CA,CA5,46388_1834_5LNA,MK782329,10,Basidiomycota,Tremellomycetes,Tremellales,Bulleribasidiaceae,Vishniacozyma,psychrotolerans,cluster9,,,,,,,,,,,,
20170921,46388_1835,Antrozous pallidus,Marin,CA,CA5,46388_1835_1LNA,MK782331,8,Ascomycota,Dothideomycetes,Dothideales,Aureobasidiaceae,NA,NA,cluster2,,,,,,,,,,,,
20170921,46388_1835,Antrozous pallidus,Marin,CA,CA5,46388_1835_1SD,MK782330,300,Ascomycota,Dothideomycetes,Dothideales,NA,NA,NA,cluster2,,,,,,,,,,,,
20170921,46388_1835,Antrozous pallidus,Marin,CA,CA5,46388_1835_1SD,MK782332,100,Basidiomycota,Tremellomycetes,Holtermanniales,Holtermanniales_fam_Incertae_sedis,Holtermanniella,takashimae,cluster12,,,,,,,,,,,,
20170921,46388_1835,Antrozous pallidus,Marin,CA,CA5,46388_1835_2LNA,MK782333,30,Basidiomycota,Tremellomycetes,Tremellales,Bulleribasidiaceae,Vishniacozyma,victoriae,cluster11,,,,,,,,,,,,
20170921,46388_1836,Antrozous pallidus,Marin,CA,CA5,46388_1836_1LNA,MK782334,4,Ascomycota,Dothideomycetes,Dothideales,Aureobasidiaceae,NA,NA,cluster2,,,,,,,,,,,,
20170921,46388_1836,Antrozous pallidus,Marin,CA,CA5,46388_1836_1SD,MK782335,300,Ascomycota,Dothideomycetes,Dothideales,Aureobasidiaceae,Aureobasidium,NA,cluster2,,,,,,,,,,,,
20170921,46388_1836,Antrozous pallidus,Marin,CA,CA5,46388_1836_2SD,MK782336,15,Basidiomycota,Tremellomycetes,Cystofilobasidiales,Cystofilobasidiaceae,Cystofilobasidium,capitatum,cluster87,,,,,,,,,,,,
20170921,46388_1836,Antrozous pallidus,Marin,CA,CA5,46388_1836_3aLNA,MK782337,8,Basidiomycota,Tremellomycetes,Tremellales,Bulleribasidiaceae,Vishniacozyma,heimaeyensis,cluster9,,,,,,,,,,,,
20170921,46388_1836,Antrozous pallidus,Marin,CA,CA5,46388_1836_3LNA,MK782338,30,Basidiomycota,Tremellomycetes,Tremellales,Bulleribasidiaceae,Vishniacozyma,victoriae,cluster11,,,,,,,,,,,,
20170921,46388_1836,Antrozous pallidus,Marin,CA,CA5,46388_1836_3SD,MK782339,100,Basidiomycota,Tremellomycetes,Holtermanniales,Holtermanniales_fam_Incertae_sedis,Holtermanniella,takashimae,cluster12,,,,,,,,,,,,
20170921,46388_1836,Antrozous pallidus,Marin,CA,CA5,46388_1836_8bLNA,MK782340,1,Basidiomycota,Tremellomycetes,Tremellales,Phaeotremellaceae,Gelidatrema,spencermartinsiae,cluster77,,,,,,,,,,,,
20170921,46388_1837,Antrozous pallidus,Marin,CA,CA5,46388_1837_1LNA,MK782341,19,Basidiomycota,Tremellomycetes,Tremellales,Bulleribasidiaceae,Vishniacozyma,victoriae,cluster11,,,,,,,,,,,,
20170921,46388_1837,Antrozous pallidus,Marin,CA,CA5,46388_1837_1SD,MK782342,50,Basidiomycota,Tremellomycetes,Tremellales,Bulleribasidiaceae,Vishniacozyma,victoriae,cluster11,,,,,,,,,,,,
20170921,46388_1837,Antrozous pallidus,Marin,CA,CA5,46388_1837_3SD,MK782343,1,Basidiomycota,Tremellomycetes,Tremellales,Tremellaceae,Cryptococcus,frias,cluster205,,,,,,,,,,,,
20170921,46388_1837,Antrozous pallidus,Marin,CA,CA5,46388_1837_4SD,MK782344,1,Ascomycota,Dothideomycetes,Dothideales,Dothioraceae,Hormonema,viticola,cluster61,,,,,,,,,,,,
20170921,46388_1837,Antrozous pallidus,Marin,CA,CA5,46388_1837_5SD,MK782345,1,Basidiomycota,Tremellomycetes,Tremellales,Bulleribasidiaceae,Vishniacozyma,foliicola,cluster9,,,,,,,,,,,,
20170921,46388_1842,Antrozous pallidus,Marin,CA,CA5,46388_1842_1LNA,MK782346,5,Ascomycota,Dothideomycetes,Dothideales,Aureobasidiaceae,Aureobasidium,NA,cluster2,,,,,,,,,,,,
20170921,46388_1842,Antrozous pallidus,Marin,CA,CA5,46388_1842_1SD,MK782347,100,Basidiomycota,Tremellomycetes,Tremellales,Tremellaceae,Cryptococcus,frias,cluster205,,,,,,,,,,,,
20170921,46388_1842,Antrozous pallidus,Marin,CA,CA5,46388_1842_2aLNA,MK782348,100,Basidiomycota,Tremellomycetes,Tremellales,Bulleribasidiaceae,Vishniacozyma,victoriae,cluster11,,,,,,,,,,,,
20170921,46388_1842,Antrozous pallidus,Marin,CA,CA5,46388_1842_2aSD,MK782349,2,Basidiomycota,Tremellomycetes,Holtermanniales,Holtermanniales_fam_Incertae_sedis,Holtermanniella,takashimae,cluster12,,,,,,,,,,,,
20170921,46388_1842,Antrozous pallidus,Marin,CA,CA5,46388_1842_4LNA,MK782350,10,Basidiomycota,Tremellomycetes,Tremellales,Bulleraceae,Bullera,unica,cluster198,,,,,,,,,,,,
20170921,46388_1843,Antrozous pallidus,Marin,CA,CA5,46388_1843_1LNA,MK782351,1,Basidiomycota,Tremellomycetes,Tremellales,Bulleribasidiaceae,Vishniacozyma,psychrotolerans,cluster9,,,,,,,,,,,,
20170921,46388_1843,Antrozous pallidus,Marin,CA,CA5,46388_1843_1SD,MK782352,150,Basidiomycota,Tremellomycetes,Holtermanniales,Holtermanniales_fam_Incertae_sedis,Holtermanniella,takashimae,cluster12,,,,,,,,,,,,
20170921,46388_1843,Antrozous pallidus,Marin,CA,CA5,46388_1843_2LNA,MK782353,100,Basidiomycota,Tremellomycetes,Tremellales,Bulleribasidiaceae,Vishniacozyma,victoriae,cluster11,,,,,,,,,,,,
20170921,46388_1843,Antrozous pallidus,Marin,CA,CA5,46388_1843_2SD,MK782354,200,Ascomycota,Dothideomycetes,Dothideales,Aureobasidiaceae,Aureobasidium,pullulans,cluster50,,,,,,,,,,,,
20170921,46388_1843,Antrozous pallidus,Marin,CA,CA5,46388_1843_3LNA,MK782355,10,Basidiomycota,Tremellomycetes,Tremellales,Bulleribasidiaceae,Vishniacozyma,psychrotolerans,cluster9,,,,,,,,,,,,
20180627,46761_1,Myotis ciliolabrum,Monterey,CA,CA6,46761_1_1SD,MK782400,13,Ascomycota,Dothideomycetes,Dothideales,Dothioraceae,Hormonema,macrosporum,cluster146,,,,,,,,,,,,
20180627,46761_1,Myotis ciliolabrum,Monterey,CA,CA6,46761_1_2SD,MK782401,2,Ascomycota,Dothideomycetes,Dothideales,Aureobasidiaceae,Aureobasidium,pullulans,cluster50,,,,,,,,,,,,
20180627,46761_2,Myotis ciliolabrum,Monterey,CA,CA6,46761_2_1SD,MK782402,400,Ascomycota,Dothideomycetes,Dothideales,Aureobasidiaceae,Aureobasidium,pullulans,cluster50,,,,,,,,,,,,
20170822,46388_1495,Myotis thysanodes,Marin,CA,CA7,NA,NA,no fungi isolated,NA,NA,NA,NA,NA,NA,NA,,,,,,,,,,,,
20170822,46388_1496,Antrozous pallidus,Marin,CA,CA7,NA,NA,no fungi isolated,NA,NA,NA,NA,NA,NA,NA,,,,,,,,,,,,
20170822,46388_1497,Antrozous pallidus,Marin,CA,CA7,NA,NA,no fungi isolated,NA,NA,NA,NA,NA,NA,NA,,,,,,,,,,,,
20170822,46388_1498,Antrozous pallidus,Marin,CA,CA7,NA,NA,no fungi isolated,NA,NA,NA,NA,NA,NA,NA,,,,,,,,,,,,
20170822,46388_1500,Antrozous pallidus,Marin,CA,CA7,46388_1500_1SD,MK782265,4,Basidiomycota,Tremellomycetes,Holtermanniales,Holtermanniales_fam_Incertae_sedis,Holtermanniella,takashimae,cluster12,,,,,,,,,,,,
20170822,46388_1501,Antrozous pallidus,Marin,CA,CA7,NA,NA,no fungi isolated,NA,NA,NA,NA,NA,NA,NA,,,,,,,,,,,,
20170822,46388_1502,Antrozous pallidus,Marin,CA,CA7,NA,NA,no fungi isolated,NA,NA,NA,NA,NA,NA,NA,,,,,,,,,,,,
20170822,46388_1503,Antrozous pallidus,Marin,CA,CA7,46388_1503_1aSD,MK782266,2,Basidiomycota,Tremellomycetes,Holtermanniales,Holtermanniales_fam_Incertae_sedis,Holtermanniella,takashimae,cluster12,,,,,,,,,,,,
20170822,46388_1504,Antrozous pallidus,Marin,CA,CA7,NA,NA,no fungi isolated,NA,NA,NA,NA,NA,NA,NA,,,,,,,,,,,,
20170822,46388_1505,Antrozous pallidus,Marin,CA,CA7,NA,NA,no fungi isolated,NA,NA,NA,NA,NA,NA,NA,,,,,,,,,,,,
20170822,46388_1506,Antrozous pallidus,Marin,CA,CA7,46388_1506_1SD,MK782267,5,Ascomycota,Dothideomycetes,Dothideales,Aureobasidiaceae,Aureobasidium,pullulans,cluster50,,,,,,,,,,,,
20170822,46388_1507,Antrozous pallidus,Marin,CA,CA7,NA,NA,no fungi isolated,NA,NA,NA,NA,NA,NA,NA,,,,,,,,,,,,
20170822,46388_1508,Antrozous pallidus,Marin,CA,CA7,46388_1508_1SD,MK782268,50,Ascomycota,Dothideomycetes,Dothideales,Aureobasidiaceae,Aureobasidium,pullulans,cluster50,,,,,,,,,,,,
20170822,46388_1508,Antrozous pallidus,Marin,CA,CA7,46388_1508_2SD,MK782269,50,Ascomycota,Dothideomycetes,Dothideales,Aureobasidiaceae,NA,NA,cluster2,,,,,,,,,,,,
20170822,46388_1509,Antrozous pallidus,Marin,CA,CA7,46388_1509_1SD,MK782270,1,Basidiomycota,Tremellomycetes,Holtermanniales,Holtermanniales_fam_Incertae_sedis,Holtermanniella,takashimae,cluster12,,,,,,,,,,,,
20170822,46388_1510,Antrozous pallidus,Marin,CA,CA7,NA,NA,no fungi isolated,NA,NA,NA,NA,NA,NA,NA,,,,,,,,,,,,
20170822,46388_1511,Antrozous pallidus,Marin,CA,CA7,NA,NA,no fungi isolated,NA,NA,NA,NA,NA,NA,NA,,,,,,,,,,,,
20170822,46388_1512,Antrozous pallidus,Marin,CA,CA7,NA,NA,no fungi isolated,NA,NA,NA,NA,NA,NA,NA,,,,,,,,,,,,
20170822,46388_1513,Antrozous pallidus,Marin,CA,CA7,46388_1513_1SD,MK782271,300,Ascomycota,Dothideomycetes,Dothideales,Aureobasidiaceae,Aureobasidium,pullulans,cluster50,,,,,,,,,,,,
20170822,46388_1514,Myotis californicus,Marin,CA,CA7,NA,NA,no fungi isolated,NA,NA,NA,NA,NA,NA,NA,,,,,,,,,,,,
20170724,46388_1738,Myotis thysanodes,Mariposa,CA,CA8,NA,NA,no fungi isolated,NA,NA,NA,NA,NA,NA,NA,,,,,,,,,,,,
20170724,46388_1739,Corynorhinus townsendii,Mariposa,CA,CA8,NA,NA,no fungi isolated,NA,NA,NA,NA,NA,NA,NA,,,,,,,,,,,,
20170724,46388_1742,Myotis thysanodes,Mariposa,CA,CA8,46388_1742_1LNA,MK782308,1,Ascomycota,Leotiomycetes,Helotiales,NA,NA,NA,cluster163,,,,,,,,,,,,
20170724,46388_1743,Corynorhinus townsendii,Mariposa,CA,CA8,NA,NA,no fungi isolated,NA,NA,NA,NA,NA,NA,NA,,,,,,,,,,,,
20170724,46388_1747,Myotis thysanodes,Mariposa,CA,CA8,NA,NA,no fungi isolated,NA,NA,NA,NA,NA,NA,NA,,,,,,,,,,,,
20170724,46388_1749,Myotis evotis,Mariposa,CA,CA8,NA,NA,no fungi isolated,NA,NA,NA,NA,NA,NA,NA,,,,,,,,,,,,
20170724,46388_1751,Myotis evotis,Mariposa,CA,CA8,NA,NA,no fungi isolated,NA,NA,NA,NA,NA,NA,NA,,,,,,,,,,,,
20170724,46388_1758,Myotis volans,Mariposa,CA,CA8,46388_1758_1SD,MK782309,1,Basidiomycota,Tremellomycetes,Holtermanniales,Holtermanniales_fam_Incertae_sedis,Holtermanniella,takashimae,cluster12,,,,,,,,,,,,
20170724,46388_1767,Myotis evotis,Mariposa,CA,CA8,NA,NA,no fungi isolated,NA,NA,NA,NA,NA,NA,NA,,,,,,,,,,,,
,45701_693,Myotis thysanodes,,CA,,NA,NA,no fungi isolated,NA,NA,NA,NA,NA,NA,NA,,,,,,,,,,,,
,45701_698,Myotis thysanodes,,CA,,45701_698_1SD,MK782449,2,Ascomycota,Saccharomycetes,Saccharomycetales,Trichomonascaceae,Blastobotrys,buckinghamii,cluster142,,,,,,,,,,,,
20170208,46370_1156,Corynorhinus townsendii,Montrose,CO,CO1,NA,NA,no fungi isolated,NA,NA,NA,NA,NA,NA,NA,,,,,,,,,,,,
20170208,46370_1163,Corynorhinus townsendii,Montrose,CO,CO1,46370_1163_1SD,MK782192,24,Ascomycota,Dothideomycetes,Dothideales,Aureobasidiaceae,NA,NA,cluster2,,,,,,,,,,,,
20170208,46370_1164,Corynorhinus townsendii,Montrose,CO,CO1,46370_1164_1LNA,MK782193,2,Ascomycota,Dothideomycetes,Dothideales,Aureobasidiaceae,NA,NA,cluster50,,,,,,,,,,,,
20170208,46370_1164,Corynorhinus townsendii,Montrose,CO,CO1,46370_1164_1SD,MK782194,1,Ascomycota,Dothideomycetes,Dothideales,Aureobasidiaceae,NA,NA,cluster50,,,,,,,,,,,,
20170208,46370_1166,Corynorhinus townsendii,Montrose,CO,CO1,46370_1166_1LNA,MK782195,2,Ascomycota,Dothideomycetes,Dothideales,Aureobasidiaceae,NA,NA,cluster50,,,,,,,,,,,,
20170208,46370_1166,Corynorhinus townsendii,Montrose,CO,CO1,46370_1166_2SD,MK782196,11,Ascomycota,Dothideomycetes,Dothideales,Aureobasidiaceae,NA,NA,cluster2,,,,,,,,,,,,
20170208,46370_1166,Corynorhinus townsendii,Montrose,CO,CO1,46370_1166_4LNA,MK782197,3,Ascomycota,Dothideomycetes,Dothideales,Aureobasidiaceae,Aureobasidium,NA,cluster2,,,,,,,,,,,,
20170208,46370_1167,Corynorhinus townsendii,Montrose,CO,CO1,46370_1167_0LNA,MK782198,27,Basidiomycota,Tremellomycetes,Filobasidiales,Filobasidiaceae,Filobasidium,magnum,cluster56,,,,,,,,,,,,
20170208,46370_1167,Corynorhinus townsendii,Montrose,CO,CO1,46370_1167_1SD,MK782199,1,Ascomycota,Dothideomycetes,Dothideales,Aureobasidiaceae,NA,NA,cluster2,,,,,,,,,,,,
20170208,46370_1168,Corynorhinus townsendii,Montrose,CO,CO1,46370_1168_1SD,MK782200,6,Ascomycota,Dothideomycetes,Dothideales,Aureobasidiaceae,NA,NA,cluster2,,,,,,,,,,,,
20170208,46370_1172,Corynorhinus townsendii,Montrose,CO,CO1,46370_1172_1SD,MK782202,3,Ascomycota,Dothideomycetes,Dothideales,Aureobasidiaceae,NA,NA,cluster2,,,,,,,,,,,,
20170208,46370_1172,Corynorhinus townsendii,Montrose,CO,CO1,46370_1172_2LNA,MK782203,4,Ascomycota,Dothideomycetes,Dothideales,Aureobasidiaceae,NA,NA,cluster50,,,,,,,,,,,,
20170208,46370_1172,Corynorhinus townsendii,Montrose,CO,CO1,46370_1172_4LNA,MK782204,30,Basidiomycota,Tremellomycetes,Filobasidiales,Filobasidiaceae,Naganishia,friedmannii,cluster204,,,,,,,,,,,,
20170208,46370_1173,Corynorhinus townsendii,Montrose,CO,CO1,NA,NA,no fungi isolated,NA,NA,NA,NA,NA,NA,NA,,,,,,,,,,,,
20170208,46370_1174,Corynorhinus townsendii,Montrose,CO,CO1,46370_1174_1SD,MK782205,1,Ascomycota,Arthoniomycetes,Lichenostigmatales,Phaeococcomycetaceae,Phaeococcomyces,NA,cluster130,,,,,,,,,,,,
20170208,46370_1174,Corynorhinus townsendii,Montrose,CO,CO1,46370_1174_2LNA,MK782206,1,Basidiomycota,Tremellomycetes,Filobasidiales,Filobasidiaceae,Filobasidium,NA,cluster89,,,,,,,,,,,,
20170208,46370_1174,Corynorhinus townsendii,Montrose,CO,CO1,46370_1174_3LNA,MK782207,1,Ascomycota,Leotiomycetes,Helotiales,NA,NA,NA,cluster92,,,,,,,,,,,,
20170208,46370_1174,Corynorhinus townsendii,Montrose,CO,CO1,46370_1174_3SD,MK782208,1,Ascomycota,Leotiomycetes,Helotiales,NA,NA,NA,cluster92,,,,,,,,,,,,
20170208,46370_1176,Corynorhinus townsendii,Montrose,CO,CO1,46370_1176_1LNA,MK782209,5,Ascomycota,Dothideomycetes,Dothideales,Aureobasidiaceae,NA,NA,cluster50,,,,,,,,,,,,
20170208,46370_1176,Corynorhinus townsendii,Montrose,CO,CO1,46370_1176_1SD,MK782210,6,Ascomycota,Dothideomycetes,Dothideales,Aureobasidiaceae,NA,NA,cluster50,,,,,,,,,,,,
20170208,46370_1177,Corynorhinus townsendii,Montrose,CO,CO1,NA,NA,no fungi isolated,NA,NA,NA,NA,NA,NA,NA,,,,,,,,,,,,
20170208,46370_1182,Corynorhinus townsendii,Montrose,CO,CO1,46370_1182_2LNA,MK782213,1,Basidiomycota,Tremellomycetes,Filobasidiales,Filobasidiaceae,Filobasidium,magnum,cluster56,,,,,,,,,,,,
20170208,46370_1184,Corynorhinus townsendii,Montrose,CO,CO1,46370_1184_0LNA,MK782214,1,Ascomycota,Dothideomycetes,Dothideales,Aureobasidiaceae,NA,NA,cluster50,,,,,,,,,,,,
20170208,46370_1184,Corynorhinus townsendii,Montrose,CO,CO1,46370_1184_3SD,MK782215,2,Ascomycota,Dothideomycetes,Dothideales,Aureobasidiaceae,NA,NA,cluster2,,,,,,,,,,,,
20170208,46370_1185,Corynorhinus townsendii,Montrose,CO,CO1,46370_1185_1LNA,MK782216,4,Ascomycota,Dothideomycetes,Dothideales,Aureobasidiaceae,NA,NA,cluster50,,,,,,,,,,,,
20170208,46370_1185,Corynorhinus townsendii,Montrose,CO,CO1,46370_1185_1SD,MK782217,1,Ascomycota,Dothideomycetes,Pleosporales,Melanommataceae,Alpinaria,rhododendri,cluster45,,,,,,,,,,,,
20170208,46370_1185,Corynorhinus townsendii,Montrose,CO,CO1,46370_1185_2SD,MK782218,4,Ascomycota,Dothideomycetes,Dothideales,Aureobasidiaceae,NA,NA,cluster50,,,,,,,,,,,,
20160516,45700_589,Corynorhinus townsendii,Bingham,ID,ID1,45700_589_1SD,MK782406,1,Ascomycota,Dothideomycetes,Dothideales,NA,NA,NA,cluster115,,,,,,,,,,,,
20160516,45700_590,Corynorhinus townsendii,Bingham,ID,ID1,NA,NA,no fungi isolated,NA,NA,NA,NA,NA,NA,NA,,,,,,,,,,,,
20160516,45700_592,Corynorhinus townsendii,Bingham,ID,ID1,45700_592_2aSD,MK782407,11,Ascomycota,Dothideomycetes,Dothideales,NA,NA,NA,cluster2,,,,,,,,,,,,
20160516,45700_595,Myotis ciliolabrum,Bingham,ID,ID1,NA,NA,no fungi isolated,NA,NA,NA,NA,NA,NA,NA,,,,,,,,,,,,
20160516,45700_597,Myotis ciliolabrum,Bingham,ID,ID1,45700_597_3SD,MK782408,9,Ascomycota,Dothideomycetes,Dothideales,NA,NA,NA,cluster115,,,,,,,,,,,,
20160516,45700_597,Myotis ciliolabrum,Bingham,ID,ID1,45700_597_5SD,MK782409,6,Basidiomycota,Tremellomycetes,Cystofilobasidiales,Mrakiaceae,Udeniomyces,puniceus,cluster161,,,,,,,,,,,,
20160516,45700_597,Myotis ciliolabrum,Bingham,ID,ID1,45700_597_6aSD,MK782410,1,Basidiomycota,Tremellomycetes,Holtermanniales,Holtermanniales_fam_Incertae_sedis,Holtermanniella,takashimae,cluster12,,,,,,,,,,,,
20160516,45700_597,Myotis ciliolabrum,Bingham,ID,ID1,45700_597_6bSD,MK782411,1,Ascomycota,Leotiomycetes,Thelebolales,Thelebolaceae,Thelebolus,globosus,cluster102,,,,,,,,,,,,
20160516,45700_597,Myotis ciliolabrum,Bingham,ID,ID1,45700_597_8SD,MK782412,1,Ascomycota,Leotiomycetes,Thelebolales,Thelebolaceae,Thelebolus,globosus,cluster102,,,,,,,,,,,,
20160518,45700_942,Myotis ciliolabrum,Bingham,ID,ID2,NA,NA,no fungi isolated,NA,NA,NA,NA,NA,NA,NA,,,,,,,,,,,,
20160518,45700_964,Myotis ciliolabrum,Bingham,ID,ID2,45700_964_0LNA,MK782481,2,Basidiomycota,Tremellomycetes,Filobasidiales,Filobasidiaceae,Filobasidium,wieringae,cluster55,,,,,,,,,,,,
20160518,45700_964,Myotis ciliolabrum,Bingham,ID,ID2,45700_964_1LNA,MK782482,1,Basidiomycota,Tremellomycetes,Filobasidiales,Filobasidiaceae,Filobasidium,wieringae,cluster55,,,,,,,,,,,,
20160518,45700_965,Corynorhinus townsendii,Bingham,ID,ID2,NA,NA,no fungi isolated,NA,NA,NA,NA,NA,NA,NA,,,,,,,,,,,,
20160518,45700_969,Myotis ciliolabrum,Bingham,ID,ID2,45700_969_2SD,MK782483,1,Ascomycota,Leotiomycetes,Thelebolales,Thelebolaceae,Thelebolus,globosus,cluster102,,,,,,,,,,,,
20160518,45700_969,Myotis ciliolabrum,Bingham,ID,ID2,45700_969_4SD,MK782484,1,Ascomycota,Eurotiomycetes,Chaetothyriales,Trichomeriaceae,Knufia,NA,cluster71,,,,,,,,,,,,
20160523,45700_523,Myotis lucifugus,Bear Lake,ID,ID3,NA,NA,no fungi isolated,NA,NA,NA,NA,NA,NA,NA,,,,,,,,,,,,
20160523,45700_524,Myotis lucifugus,Bear Lake,ID,ID3,NA,NA,no fungi isolated,NA,NA,NA,NA,NA,NA,NA,,,,,,,,,,,,
20160523,45700_525,Myotis evotis,Bear Lake,ID,ID3,NA,NA,no fungi isolated,NA,NA,NA,NA,NA,NA,NA,,,,,,,,,,,,
20160523,45700_526,Myotis evotis,Bear Lake,ID,ID3,NA,NA,no fungi isolated,NA,NA,NA,NA,NA,NA,NA,,,,,,,,,,,,
20160523,45700_528,Myotis lucifugus,Bear Lake,ID,ID3,45700_528_3SD,MK782404,2,Basidiomycota,Microbotryomycetes,Leucosporidiales,Leucosporidiaceae,Leucosporidium,NA,cluster193,,,,,,,,,,,,
20160523,45700_530,Myotis lucifugus,Bear Lake,ID,ID3,NA,NA,no fungi isolated,NA,NA,NA,NA,NA,NA,NA,,,,,,,,,,,,
20160523,45700_531,Myotis lucifugus,Bear Lake,ID,ID3,NA,NA,no fungi isolated,NA,NA,NA,NA,NA,NA,NA,,,,,,,,,,,,
20170918,46371_1097,Myotis volans,Cascade,MT,MT1,46371_1097_1SD,MK782171,1,Ascomycota,Dothideomycetes,Dothideales,Aureobasidiaceae,Aureobasidium,pullulans,cluster50,,,,,,,,,,,,
20170927,46371_1098,Myotis evotis,Cascade,MT,MT1,46371_1098_1SD,MK782172,1,Ascomycota,Dothideomycetes,Dothideales,NA,NA,NA,cluster2,,,,,,,,,,,,
20170927,46371_1098,Myotis evotis,Cascade,MT,MT1,46371_1098_2SD,MK782173,1,Ascomycota,Taphrinomycetes,Taphrinales,Taphrinaceae,Taphrina,tormentillae,cluster48,,,,,,,,,,,,
20170927,46371_1136,Myotis evotis,Cascade,MT,MT1,NA,NA,no fungi isolated,NA,NA,NA,NA,NA,NA,NA,,,,,,,,,,,,
20170927,46371_1141,Myotis evotis,Cascade,MT,MT1,46371_1141_1SD,MK782187,30,Basidiomycota,Tremellomycetes,Cystofilobasidiales,Mrakiaceae,Udeniomyces,kanasensis,cluster103,,,,,,,,,,,,
20170927,46371_1141,Myotis evotis,Cascade,MT,MT1,46371_1141_2SD,MK782188,50,Basidiomycota,Microbotryomycetes,Sporidiobolales,Sporidiobolaceae,Rhodotorula,NA,cluster60,,,,,,,,,,,,
20170927,46371_1141,Myotis evotis,Cascade,MT,MT1,46371_1141_3SD,MK782189,30,Ascomycota,Dothideomycetes,Dothideales,Dothioraceae,Hormonema,macrosporum,cluster146,,,,,,,,,,,,
20170918,46371_1142,Myotis evotis,Cascade,MT,MT1,46371_1142_1SD,MK782190,30,Ascomycota,Dothideomycetes,Dothideales,Dothioraceae,Hormonema,macrosporum,cluster146,,,,,,,,,,,,
20170927,46371_1144,Myotis evotis,Cascade,MT,MT1,NA,NA,no fungi isolated,NA,NA,NA,NA,NA,NA,NA,,,,,,,,,,,,
20170927,46371_1149,Myotis volans,Cascade,MT,MT1,NA,NA,no fungi isolated,NA,NA,NA,NA,NA,NA,NA,,,,,,,,,,,,
20170927,46371_1150,Myotis volans,Cascade,MT,MT1,46371_1150_1SD,MK782191,4,Ascomycota,Dothideomycetes,Dothideales,NA,NA,NA,cluster2,,,,,,,,,,,,
20170927,46371_1152,Myotis evotis,Cascade,MT,MT1,NA,NA,no fungi isolated,NA,NA,NA,NA,NA,NA,NA,,,,,,,,,,,,
20170918,46371_1153,Myotis volans,Cascade,MT,MT1,NA,NA,no fungi isolated,NA,NA,NA,NA,NA,NA,NA,,,,,,,,,,,,
20170927,46371_1178,Myotis evotis,Cascade,MT,MT1,46371_1178_1SD,MK782211,3,Ascomycota,Taphrinomycetes,Taphrinales,Protomycetaceae,Protomyces,inouyei,cluster80,,,,,,,,,,,,
20170927,46371_1180,Myotis evotis,Cascade,MT,MT1,NA,NA,no fungi isolated,NA,NA,NA,NA,NA,NA,NA,,,,,,,,,,,,
20170927,46371_1181,Myotis evotis,Cascade,MT,MT1,NA,NA,no fungi isolated,NA,NA,NA,NA,NA,NA,NA,,,,,,,,,,,,
20170927,46371_1324,Myotis evotis,Cascade,MT,MT1,46371_1324_1SD,MK782222,5,Ascomycota,Taphrinomycetes,Taphrinales,Protomycetaceae,Protomyces,inouyei,cluster80,,,,,,,,,,,,
20170927,46371_1334,Myotis evotis,Cascade,MT,MT1,46371_1334_1LNA,MK782223,4,Basidiomycota,Microbotryomycetes,Sporidiobolales,Sporidiobolaceae,Rhodotorula,mucilaginosa,cluster60,,,,,,,,,,,,
20170927,46371_1337,Myotis evotis,Cascade,MT,MT1,46371_1337_1SD,MK782224,5,Basidiomycota,Tremellomycetes,Tremellales,Bulleribasidiaceae,Vishniacozyma,victoriae,cluster11,,,,,,,,,,,,
20170927,46371_1337,Myotis evotis,Cascade,MT,MT1,46371_1337_2SD,MK782225,2,Basidiomycota,Tremellomycetes,Tremellales,Tremellaceae,Tremella,encephala,cluster212,,,,,,,,,,,,
20170927,46371_1341,Myotis evotis,Cascade,MT,MT1,NA,NA,no fungi isolated,NA,NA,NA,NA,NA,NA,NA,,,,,,,,,,,,
20170927,46371_1343,Myotis evotis,Cascade,MT,MT1,46371_1343_1SD,MK782226,3,Ascomycota,Dothideomycetes,Dothideales,Aureobasidiaceae,Aureobasidium,pullulans,cluster2,,,,,,,,,,,,
20170927,46371_1343,Myotis evotis,Cascade,MT,MT1,46371_1343_2SD,MK782227,2,Ascomycota,Dothideomycetes,Dothideales,Aureobasidiaceae,Aureobasidium,pullulans,cluster50,,,,,,,,,,,,
20170927,46371_1350,Myotis volans,Cascade,MT,MT1,NA,NA,no fungi isolated,NA,NA,NA,NA,NA,NA,NA,,,,,,,,,,,,
20170918,46371_1351,Myotis evotis,Cascade,MT,MT1,46371_1351_1LNA,MK782228,1,Ascomycota,Saccharomycetes,Saccharomycetales,Saccharomycetales_fam_Incertae_sedis,Candida,glaebosa,cluster76,,,,,,,,,,,,
20170918,46371_1351,Myotis evotis,Cascade,MT,MT1,46371_1351_1SD,MK782229,1,Ascomycota,Saccharomycetes,Saccharomycetales,Saccharomycetales_fam_Incertae_sedis,Candida,glaebosa,cluster76,,,,,,,,,,,,
20170918,46371_1351,Myotis evotis,Cascade,MT,MT1,46371_1351_2SD,MK782230,1,Ascomycota,Saccharomycetes,Saccharomycetales,Saccharomycetales_fam_Incertae_sedis,Candida,glaebosa,cluster76,,,,,,,,,,,,
20170927,46371_1352,Myotis evotis,Cascade,MT,MT1,NA,NA,no fungi isolated,NA,NA,NA,NA,NA,NA,NA,,,,,,,,,,,,
20170918,46371_1784,Myotis evotis,Cascade,MT,MT1,46371_1784_1LNA,MK782313,2,Basidiomycota,Tremellomycetes,Tremellales,Bulleraceae,Bullera,alba,cluster74,,,,,,,,,,,,
20170918,46371_1784,Myotis evotis,Cascade,MT,MT1,46371_1784_1SD,MK782314,1,Basidiomycota,Tremellomycetes,Tremellales,Bulleraceae,Bullera,alba,cluster74,,,,,,,,,,,,
20170918,46371_1785,Myotis evotis,Cascade,MT,MT1,NA,NA,no fungi isolated,NA,NA,NA,NA,NA,NA,NA,,,,,,,,,,,,
20170918,46371_1786,Myotis evotis,Cascade,MT,MT1,NA,NA,no fungi isolated,NA,NA,NA,NA,NA,NA,NA,,,,,,,,,,,,
20170918,46371_1787,Myotis evotis,Cascade,MT,MT1,NA,NA,no fungi isolated,NA,NA,NA,NA,NA,NA,NA,,,,,,,,,,,,
20170918,46371_1788,Myotis evotis,Cascade,MT,MT1,NA,NA,no fungi isolated,NA,NA,NA,NA,NA,NA,NA,,,,,,,,,,,,
20170918,46371_1789,Myotis evotis,Cascade,MT,MT1,NA,NA,no fungi isolated,NA,NA,NA,NA,NA,NA,NA,,,,,,,,,,,,
20170214,46371_1130,Corynorhinus townsendii,Judith Basin,MT,MT2,46371_1130_2LNA,MK782176,1,Ascomycota,Eurotiomycetes,Chaetothyriales,Herpotrichiellaceae,Phialophora,hyalina,cluster59,,,,,,,,,,,,
20170214,46371_1131,Eptesicus fuscus,Judith Basin,MT,MT2,46371_1131_5LNA,MK782177,1,Ascomycota,Sordariomycetes,Hypocreales,NA,NA,NA,cluster144,,,,,,,,,,,,
20170214,46371_1132,Eptesicus fuscus,Judith Basin,MT,MT2,46371_1132_2SD,MK782178,10,Basidiomycota,Tremellomycetes,Tremellales,Bulleribasidiaceae,Vishniacozyma,victoriae,cluster11,,,,,,,,,,,,
20170214,46371_1132,Eptesicus fuscus,Judith Basin,MT,MT2,46371_1132_3SD,MK782179,3,Basidiomycota,Tremellomycetes,Tremellales,Phaeotremellaceae,Gelidatrema,NA,cluster11,,,,,,,,,,,,
20170214,46371_1132,Eptesicus fuscus,Judith Basin,MT,MT2,46371_1132_3SD,MK782180,10,Basidiomycota,Tremellomycetes,Tremellales,Bulleribasidiaceae,Vishniacozyma,victoriae,cluster14,,,,,,,,,,,,
20170214,46371_1132,Eptesicus fuscus,Judith Basin,MT,MT2,46371_1132_7LNA,MK782181,1,Ascomycota,Taphrinomycetes,Taphrinales,Taphrinaceae,Taphrina,carpini,cluster139,,,,,,,,,,,,
20170214,46371_1133,Eptesicus fuscus,Judith Basin,MT,MT2,46371_1133_2LNA,MK782182,1,Ascomycota,Dothideomycetes,Dothideales,Aureobasidiaceae,NA,NA,cluster50,,,,,,,,,,,,
20170214,46371_1134,Eptesicus fuscus,Judith Basin,MT,MT2,46371_1134_4SD,MK782183,1,Basidiomycota,Tremellomycetes,Tremellales,Bulleribasidiaceae,Vishniacozyma,NA,cluster9,,,,,,,,,,,,
20170214,46371_1134,Eptesicus fuscus,Judith Basin,MT,MT2,46371_1134_6LNA,MK782184,1,Basidiomycota,Tremellomycetes,Tremellales,Bulleribasidiaceae,Vishniacozyma,heimaeyensis,cluster9,,,,,,,,,,,,
20170214,46371_1135,Eptesicus fuscus,Judith Basin,MT,MT2,46371_1135_3LNA,MK782185,1,Basidiomycota,Tremellomycetes,Tremellales,Bulleribasidiaceae,Vishniacozyma,heimaeyensis,cluster9,,,,,,,,,,,,
20170214,46371_1135,Eptesicus fuscus,Judith Basin,MT,MT2,46371_1135_6LNA,MK782186,4,Basidiomycota,Tremellomycetes,Tremellales,Bulleribasidiaceae,Vishniacozyma,heimaeyensis,cluster9,,,,,,,,,,,,
20170822,46419_041,Myotis volans,Nye,NV,NV1,NA,NA,no fungi isolated,NA,NA,NA,NA,NA,NA,NA,,,,,,,,,,,,
20170822,46419_043,Myotis evotis,Nye,NV,NV1,NA,NA,no fungi isolated,NA,NA,NA,NA,NA,NA,NA,,,,,,,,,,,,
20170822,46419_045,Myotis volans,Nye,NV,NV1,NA,NA,no fungi isolated,NA,NA,NA,NA,NA,NA,NA,,,,,,,,,,,,
20170822,46419_052,Myotis volans,Nye,NV,NV1,NA,NA,no fungi isolated,NA,NA,NA,NA,NA,NA,NA,,,,,,,,,,,,
20170822,46419_053,Myotis volans,Nye,NV,NV1,46419_053_1SD,MK782405,3,Basidiomycota,Tremellomycetes,Tremellales,Bulleribasidiaceae,Vishniacozyma,carnescens,cluster143,,,,,,,,,,,,
20170822,46419_057,Myotis evotis,Nye,NV,NV1,NA,NA,no fungi isolated,NA,NA,NA,NA,NA,NA,NA,,,,,,,,,,,,
20170822,46419_059,Myotis volans,Nye,NV,NV1,NA,NA,no fungi isolated,NA,NA,NA,NA,NA,NA,NA,,,,,,,,,,,,
20170822,46419_060,Myotis evotis,Nye,NV,NV1,NA,NA,no fungi isolated,NA,NA,NA,NA,NA,NA,NA,,,,,,,,,,,,
20180201,46419_1797,Myotis ciliolabrum,White Pine,NV,NV2,46419_1797_1SD,MK782315,1,Basidiomycota,Tremellomycetes,Tremellales,Bulleribasidiaceae,Vishniacozyma,NA,cluster9,,,,,,,,,,,,
20180201,46419_1798,Myotis ciliolabrum,White Pine,NV,NV2,46419_1798_1SD,MK782316,1,Basidiomycota,Tremellomycetes,Tremellales,Bulleribasidiaceae,Vishniacozyma,NA,cluster9,,,,,,,,,,,,
20180201,46419_1823,Myotis ciliolabrum,White Pine,NV,NV2,46419_1823_1SD,MK782323,3,Basidiomycota,Tremellomycetes,Tremellales,Bulleribasidiaceae,Vishniacozyma,NA,cluster9,,,,,,,,,,,,
20180201,46419_1823,Myotis ciliolabrum,White Pine,NV,NV2,46419_1823_4SD,MK782324,3,Ascomycota,Sordariomycetes,Hypocreales,NA,NA,NA,cluster78,,,,,,,,,,,,
20180201,46419_1796,Myotis ciliolabrum,White Pine,NV,NV2,NA,NA,no fungi isolated,NA,NA,NA,NA,NA,NA,NA,,,,,,,,,,,,
20180201,46419_1799,Myotis ciliolabrum,White Pine,NV,NV2,NA,NA,no fungi isolated,NA,NA,NA,NA,NA,NA,NA,,,,,,,,,,,,
20180201,46419_1800,Myotis ciliolabrum,White Pine,NV,NV2,NA,NA,no fungi isolated,NA,NA,NA,NA,NA,NA,NA,,,,,,,,,,,,
20180201,46419_1801,Myotis ciliolabrum,White Pine,NV,NV2,46419_1801_1SD,MK782317,2,Basidiomycota,Tremellomycetes,Tremellales,Bulleribasidiaceae,Vishniacozyma,tephrensis,cluster116,,,,,,,,,,,,
20180201,46419_1814,Myotis ciliolabrum,White Pine,NV,NV2,NA,NA,no fungi isolated,NA,NA,NA,NA,NA,NA,NA,,,,,,,,,,,,
20180201,46419_1816,Myotis ciliolabrum,White Pine,NV,NV2,NA,NA,no fungi isolated,NA,NA,NA,NA,NA,NA,NA,,,,,,,,,,,,
20180201,46419_1817,Myotis ciliolabrum,White Pine,NV,NV2,NA,NA,no fungi isolated,NA,NA,NA,NA,NA,NA,NA,,,,,,,,,,,,
20180201,46419_1818,Myotis ciliolabrum,White Pine,NV,NV2,NA,NA,no fungi isolated,NA,NA,NA,NA,NA,NA,NA,,,,,,,,,,,,
20180201,46419_1819,Myotis ciliolabrum,White Pine,NV,NV2,NA,NA,no fungi isolated,NA,NA,NA,NA,NA,NA,NA,,,,,,,,,,,,
20180201,46419_1820,Myotis ciliolabrum,White Pine,NV,NV2,NA,NA,no fungi isolated,NA,NA,NA,NA,NA,NA,NA,,,,,,,,,,,,
20180201,46419_1822,Myotis ciliolabrum,White Pine,NV,NV2,NA,NA,no fungi isolated,NA,NA,NA,NA,NA,NA,NA,,,,,,,,,,,,
20170822,46419_005,Myotis volans,Nye,NV,NV3,NA,NA,no fungi isolated,NA,NA,NA,NA,NA,NA,NA,,,,,,,,,,,,
20170822,46419_008,Myotis evotis,Nye,NV,NV3,46419_008_1SD,MK782478,3,Basidiomycota,Tremellomycetes,Tremellales,Bulleribasidiaceae,Vishniacozyma,victoriae,cluster11,,,,,,,,,,,,
20170822,46419_009,Myotis evotis,Nye,NV,NV3,46419_009_1SD,MK782494,1,Ascomycota,Sordariomycetes,Coniochaetales,Coniochaetaceae,Coniochaeta,NA,cluster215,,,,,,,,,,,,
20170822,46419_054,Myotis evotis,Nye,NV,NV3,NA,NA,no fungi isolated,NA,NA,NA,NA,NA,NA,NA,,,,,,,,,,,,
20170822,46419_062,Myotis volans,Nye,NV,NV3,NA,NA,no fungi isolated,NA,NA,NA,NA,NA,NA,NA,,,,,,,,,,,,
20170822,46419_065,Myotis volans,Nye,NV,NV3,NA,NA,no fungi isolated,NA,NA,NA,NA,NA,NA,NA,,,,,,,,,,,,
20170822,46419_14,Myotis evotis,Nye,NV,NV3,NA,NA,no fungi isolated,NA,NA,NA,NA,NA,NA,NA,,,,,,,,,,,,
20170824,46419_071,Myotis evotis,Nye,NV,NV3,46419_071_1SD,MK782453,1,Ascomycota,Dothideomycetes,Myriangiales,NA,NA,NA,cluster37,,,,,,,,,,,,
20170822,46419_070,Myotis volans,Nye,NV,NV4,46419_070_1SD,MK782451,1,Ascomycota,Arthoniomycetes,Lichenostigmatales,Phaeococcomycetaceae,Phaeococcomyces,NA,cluster173,,,,,,,,,,,,
20170822,46419_073,Myotis volans,Nye,NV,NV4,NA,NA,no fungi isolated,NA,NA,NA,NA,NA,NA,NA,,,,,,,,,,,,
20170822,46419_077,Myotis evotis,Nye,NV,NV4,NA,NA,no fungi isolated,NA,NA,NA,NA,NA,NA,NA,,,,,,,,,,,,
20170822,46419_078,Myotis volans,Nye,NV,NV4,NA,NA,no fungi isolated,NA,NA,NA,NA,NA,NA,NA,,,,,,,,,,,,
20170822,46419_079,Myotis volans,Nye,NV,NV4,46419_079_1SD,MK782454,2,Ascomycota,Saccharomycetes,Saccharomycetales,Saccharomycetales_fam_Incertae_sedis,Candida,pimensis,cluster94,,,,,,,,,,,,
20170822,46419_079,Myotis volans,Nye,NV,NV4,46419_079_2SD,MK782455,1,Basidiomycota,Agaricostilbomycetes,Agaricostilbales,Kondoaceae,Kondoa,malvinella,cluster189,,,,,,,,,,,,
20170809,46419_021,Corynorhinus townsendii,White Pine,NV,NV5,NA,NA,no fungi isolated,NA,NA,NA,NA,NA,NA,NA,,,,,,,,,,,,
20170809,46419_022,Corynorhinus townsendii,White Pine,NV,NV5,NA,NA,no fungi isolated,NA,NA,NA,NA,NA,NA,NA,,,,,,,,,,,,
20170809,46419_023,Corynorhinus townsendii,White Pine,NV,NV5,NA,NA,no fungi isolated,NA,NA,NA,NA,NA,NA,NA,,,,,,,,,,,,
20170809,46419_024,Corynorhinus townsendii,White Pine,NV,NV5,NA,NA,no fungi isolated,NA,NA,NA,NA,NA,NA,NA,,,,,,,,,,,,
20170809,46419_025,Corynorhinus townsendii,White Pine,NV,NV5,NA,NA,no fungi isolated,NA,NA,NA,NA,NA,NA,NA,,,,,,,,,,,,
20170809,46419_026,Corynorhinus townsendii,White Pine,NV,NV5,NA,NA,no fungi isolated,NA,NA,NA,NA,NA,NA,NA,,,,,,,,,,,,
20170809,46419_027,Corynorhinus townsendii,White Pine,NV,NV5,NA,NA,no fungi isolated,NA,NA,NA,NA,NA,NA,NA,,,,,,,,,,,,
20170809,46419_028,Corynorhinus townsendii,White Pine,NV,NV5,NA,NA,no fungi isolated,NA,NA,NA,NA,NA,NA,NA,,,,,,,,,,,,
20170809,46419_029,Corynorhinus townsendii,White Pine,NV,NV5,NA,NA,no fungi isolated,NA,NA,NA,NA,NA,NA,NA,,,,,,,,,,,,
20170809,46419_030,Corynorhinus townsendii,White Pine,NV,NV5,NA,NA,no fungi isolated,NA,NA,NA,NA,NA,NA,NA,,,,,,,,,,,,
20170809,46419_031,Corynorhinus townsendii,White Pine,NV,NV5,NA,NA,no fungi isolated,NA,NA,NA,NA,NA,NA,NA,,,,,,,,,,,,
20170809,46419_032,Corynorhinus townsendii,White Pine,NV,NV5,NA,NA,no fungi isolated,NA,NA,NA,NA,NA,NA,NA,,,,,,,,,,,,
20170809,46419_033,Corynorhinus townsendii,White Pine,NV,NV5,NA,NA,no fungi isolated,NA,NA,NA,NA,NA,NA,NA,,,,,,,,,,,,
20170809,46419_034,Corynorhinus townsendii,White Pine,NV,NV5,NA,NA,no fungi isolated,NA,NA,NA,NA,NA,NA,NA,,,,,,,,,,,,
20170809,46419_035,Corynorhinus townsendii,White Pine,NV,NV5,NA,NA,no fungi isolated,NA,NA,NA,NA,NA,NA,NA,,,,,,,,,,,,
20170809,46419_036,Corynorhinus townsendii,White Pine,NV,NV5,46419_036_1SD,MK782393,1,Basidiomycota,Tremellomycetes,Tremellales,Bulleribasidiaceae,Vishniacozyma,foliicola,cluster9,,,,,,,,,,,,
20170809,46419_036,Corynorhinus townsendii,White Pine,NV,NV5,46419_036_2SD,MK782394,1,Basidiomycota,Tremellomycetes,Filobasidiales,Filobasidiaceae,Filobasidium,wieringae,cluster55,,,,,,,,,,,,
20170809,46419_037,Corynorhinus townsendii,White Pine,NV,NV5,NA,NA,no fungi isolated,NA,NA,NA,NA,NA,NA,NA,,,,,,,,,,,,
20170809,46419_038,Corynorhinus townsendii,White Pine,NV,NV5,NA,NA,no fungi isolated,NA,NA,NA,NA,NA,NA,NA,,,,,,,,,,,,
20170809,46419_039,Corynorhinus townsendii,White Pine,NV,NV5,NA,NA,no fungi isolated,NA,NA,NA,NA,NA,NA,NA,,,,,,,,,,,,
20170809,46419_040,Corynorhinus townsendii,White Pine,NV,NV5,NA,NA,no fungi isolated,NA,NA,NA,NA,NA,NA,NA,,,,,,,,,,,,
20171007,46419_1808,Myotis ciliolabrum,White Pine,NV,NV5,NA,NA,no fungi isolated,NA,NA,NA,NA,NA,NA,NA,,,,,,,,,,,,
20171007,46419_1809,Myotis ciliolabrum,White Pine,NV,NV5,46419_1809_1SD,MK782318,2,Basidiomycota,Tremellomycetes,Filobasidiales,Filobasidiaceae,Naganishia,friedmannii,cluster204,,,,,,,,,,,,
20171007,46419_1810,Myotis ciliolabrum,White Pine,NV,NV5,NA,NA,no fungi isolated,NA,NA,NA,NA,NA,NA,NA,,,,,,,,,,,,
20171007,46419_1811,Myotis ciliolabrum,White Pine,NV,NV5,46419_1811_1SD,MK782319,15,Ascomycota,Dothideomycetes,Dothideales,Aureobasidiaceae,Aureobasidium,pullulans,cluster2,,,,,,,,,,,,
20171007,46419_1811,Myotis ciliolabrum,White Pine,NV,NV5,46419_1811_2SD,MK782320,15,Ascomycota,Dothideomycetes,Dothideales,Aureobasidiaceae,Aureobasidium,pullulans,cluster50,,,,,,,,,,,,
20171007,46419_1812,Myotis ciliolabrum,White Pine,NV,NV5,46419_1812_1SD,MK782321,2,Basidiomycota,NA,NA,NA,NA,NA,cluster111,,,,,,,,,,,,
20171007,46419_1813,Myotis ciliolabrum,White Pine,NV,NV5,46419_1813_1SD,MK782322,2,Ascomycota,Dothideomycetes,Dothideales,Dothideaceae,Endoconidioma,populi,cluster21,,,,,,,,,,,,
20170821,46419_001,Myotis volans,Nye,NV,NV6,46419_001_1SD,MK782360,2,Basidiomycota,Tremellomycetes,Cystofilobasidiales,NA,NA,NA,cluster214,,,,,,,,,,,,
20170821,46419_002,Myotis volans,Nye,NV,NV6,NA,NA,no fungi isolated,NA,NA,NA,NA,NA,NA,NA,,,,,,,,,,,,
20170821,46419_004,Myotis evotis,Nye,NV,NV6,NA,NA,no fungi isolated,NA,NA,NA,NA,NA,NA,NA,,,,,,,,,,,,
20170821,46419_007,Myotis volans,Nye,NV,NV6,46419_007_1SD,MK782457,2,Ascomycota,Taphrinomycetes,Taphrinales,Taphrinaceae,Taphrina,americana,cluster0,,,,,,,,,,,,
20170821,46419_007,Myotis volans,Nye,NV,NV6,46419_007_2SD,MK782458,1,Ascomycota,NA,NA,NA,NA,NA,cluster192,,,,,,,,,,,,
20170821,46419_010,Myotis volans,Nye,NV,NV6,NA,NA,no fungi isolated,NA,NA,NA,NA,NA,NA,NA,,,,,,,,,,,,
20170821,46419_012,Myotis evotis,Nye,NV,NV6,NA,NA,no fungi isolated,NA,NA,NA,NA,NA,NA,NA,,,,,,,,,,,,
20170821,46419_016,Myotis evotis,Nye,NV,NV6,NA,NA,no fungi isolated,NA,NA,NA,NA,NA,NA,NA,,,,,,,,,,,,
20170821,46419_017,Myotis volans,Nye,NV,NV6,NA,NA,no fungi isolated,NA,NA,NA,NA,NA,NA,NA,,,,,,,,,,,,
20170821,46419_046,Myotis volans,Nye,NV,NV6,NA,NA,no fungi isolated,NA,NA,NA,NA,NA,NA,NA,,,,,,,,,,,,
20170821,46419_047,Myotis volans,Nye,NV,NV6,NA,NA,no fungi isolated,NA,NA,NA,NA,NA,NA,NA,,,,,,,,,,,,
20170821,46419_049,Myotis volans,Nye,NV,NV6,NA,NA,no fungi isolated,NA,NA,NA,NA,NA,NA,NA,,,,,,,,,,,,
20170821,46419_056,Myotis volans,Nye,NV,NV6,NA,NA,no fungi isolated,NA,NA,NA,NA,NA,NA,NA,,,,,,,,,,,,
20170824,46419_50,Euderma maculatum,Nye,NV,NV7,NA,NA,no fungi isolated,NA,NA,NA,NA,NA,NA,NA,,,,,,,,,,,,
20170823,46419_063,Parastrellus hesperus,Nye,NV,NV8,46419_063_1SD,MK782414,2,Ascomycota,Eurotiomycetes,Chaetothyriales,Herpotrichiellaceae,Exophiala,sideris,cluster145,,,,,,,,,,,,
20170823,46419_020,Myotis evotis,Nye,NV,NV8,NA,NA,no fungi isolated,NA,NA,NA,NA,NA,NA,NA,,,,,,,,,,,,
20170717,46381_1709,Myotis volans,Jackson,OR,OR1,NA,NA,no fungi isolated,NA,NA,NA,NA,NA,NA,NA,,,,,,,,,,,,
20170717,46381_1713,Myotis californicus,Jackson,OR,OR1,NA,NA,no fungi isolated,NA,NA,NA,NA,NA,NA,NA,,,,,,,,,,,,
20170717,46381_1715,Myotis volans,Jackson,OR,OR1,NA,NA,no fungi isolated,NA,NA,NA,NA,NA,NA,NA,,,,,,,,,,,,
20170717,46381_1717,Myotis volans,Jackson,OR,OR1,46381_1717_1SD,MK782300,3,Ascomycota,Dothideomycetes,Dothideales,Dothioraceae,NA,NA,cluster168,,,,,,,,,,,,
20170717,46381_1723,Myotis californicus,Jackson,OR,OR1,NA,NA,no fungi isolated,NA,NA,NA,NA,NA,NA,NA,,,,,,,,,,,,
20170717,46381_1725,Myotis californicus,Jackson,OR,OR1,46381_1725_1SD,MK782302,1,Basidiomycota,Tremellomycetes,Filobasidiales,Piskurozymaceae,Piskurozyma,capsuligena,cluster57,,,,,,,,,,,,
20170717,46381_1725,Myotis californicus,Jackson,OR,OR1,46381_1725_2SD,MK782303,4,Ascomycota,Leotiomycetes,Helotiales,Helotiaceae,Collophora,NA,cluster86,,,,,,,,,,,,
20170717,46381_1726,Myotis californicus,Jackson,OR,OR1,46381_1726_1SD,MK782304,9,Ascomycota,Dothideomycetes,Dothideales,Aureobasidiaceae,Aureobasidium,pullulans,cluster50,,,,,,,,,,,,
20170717,46381_1728,Myotis volans,Jackson,OR,OR1,NA,NA,no fungi isolated,NA,NA,NA,NA,NA,NA,NA,,,,,,,,,,,,
20170717,46381_1729,Myotis californicus,Jackson,OR,OR1,NA,NA,no fungi isolated,NA,NA,NA,NA,NA,NA,NA,,,,,,,,,,,,
20170717,46381_1733,Myotis californicus,Jackson,OR,OR1,NA,NA,no fungi isolated,NA,NA,NA,NA,NA,NA,NA,,,,,,,,,,,,
20170816,46418_1711,Antrozous pallidus,Jackson,OR,OR2,NA,NA,no fungi isolated,NA,NA,NA,NA,NA,NA,NA,,,,,,,,,,,,
20170803,46418_1775,Antrozous pallidus,Jackson,OR,OR2,46418_1775_1SD,MK782310,4,Ascomycota,Dothideomycetes,Dothideales,Dothideaceae,Endoconidioma,populi,cluster21,,,,,,,,,,,,
20170803,46418_1776,Myotis evotis,Jackson,OR,OR2,NA,NA,no fungi isolated,NA,NA,NA,NA,NA,NA,NA,,,,,,,,,,,,
20170803,46418_1778,Myotis volans,Jackson,OR,OR2,46418_1778_1aSD,MK782311,4,Basidiomycota,Tremellomycetes,Tremellales,Bulleraceae,Fonsecazyma,NA,cluster73,,,,,,,,,,,,
20170803,46418_1778,Myotis volans,Jackson,OR,OR2,46418_1778_1LNA,MK782312,2,Basidiomycota,Tremellomycetes,Tremellales,Tremellaceae,Tremella,NA,cluster132,,,,,,,,,,,,
20170803,46418_1780,Myotis volans,Jackson,OR,OR2,NA,NA,no fungi isolated,NA,NA,NA,NA,NA,NA,NA,,,,,,,,,,,,
20170803,46418_1783,Antrozous pallidus,Jackson,OR,OR2,NA,NA,no fungi isolated,NA,NA,NA,NA,NA,NA,NA,,,,,,,,,,,,
20170719,46381_1714,Myotis evotis,Jackson,OR,OR3,46381_1714_1SD,MK782299,2,Ascomycota,Dothideomycetes,Dothideales,Aureobasidiaceae,Aureobasidium,pullulans,cluster50,,,,,,,,,,,,
20170719,46381_1718,Myotis thysanodes,Jackson,OR,OR3,46381_1718_1LNA,MK782301,2,Ascomycota,Saccharomycetes,Saccharomycetales,NA,NA,NA,cluster159,,,,,,,,,,,,
20170719,46381_1724,Myotis californicus,Jackson,OR,OR3,NA,NA,no fungi isolated,NA,NA,NA,NA,NA,NA,NA,,,,,,,,,,,,
20170719,46381_1727,Myotis californicus,Jackson,OR,OR3,46381_1727_1LNA,MK782305,1,Ascomycota,Saccharomycetes,Saccharomycetales,NA,NA,NA,cluster159,,,,,,,,,,,,
20170719,46381_1727,Myotis californicus,Jackson,OR,OR3,46381_1727_1SD,MK782306,4,Ascomycota,Dothideomycetes,Dothideales,Aureobasidiaceae,Aureobasidium,pullulans,cluster50,,,,,,,,,,,,
20170719,46381_1727,Myotis californicus,Jackson,OR,OR3,46381_1727_2SD,MK782307,10,Basidiomycota,Tremellomycetes,Filobasidiales,Piskurozymaceae,Piskurozyma,capsuligena,cluster57,,,,,,,,,,,,
20170719,46381_1732,Myotis californicus,Jackson,OR,OR3,NA,NA,no fungi isolated,NA,NA,NA,NA,NA,NA,NA,,,,,,,,,,,,
20170719,46381_1736,Myotis californicus,Jackson,OR,OR3,NA,NA,no fungi isolated,NA,NA,NA,NA,NA,NA,NA,,,,,,,,,,,,
20170718,46381_1712,Myotis volans,Jackson,OR,OR4,NA,NA,no fungi isolated,NA,NA,NA,NA,NA,NA,NA,,,,,,,,,,,,
20170619,46382_1555,Myotis thysanodes,Brewster,TX,TX1,46382_1555_1LNA,MK782272,2,Basidiomycota,Cystobasidiomycetes,Cystobasidiales,Cystobasidiaceae,Cystobasidium,NA,cluster206,,,,,,,,,,,,
20170619,46382_1555,Myotis thysanodes,Brewster,TX,TX1,46382_1555_1SD,MK782273,1,Ascomycota,Dothideomycetes,Dothideales,Aureobasidiaceae,Aureobasidium,NA,cluster50,,,,,,,,,,,,
20170621,46382_1557,Myotis thysanodes,Brewster,TX,TX1,46382_1557_1LNA,MK782274,21,Ascomycota,Dothideomycetes,Dothideales,Aureobasidiaceae,Aureobasidium,pullulans,cluster2,,,,,,,,,,,,
20170621,46382_1558,Myotis thysanodes,Brewster,TX,TX1,46382_1558_2LNA,MK782275,1,Basidiomycota,Cystobasidiomycetes,Cystobasidiales,Cystobasidiaceae,Cystobasidium,NA,cluster206,,,,,,,,,,,,
20170619,46382_1559,Myotis thysanodes,Brewster,TX,TX1,NA,NA,no fungi isolated,NA,NA,NA,NA,NA,NA,NA,,,,,,,,,,,,
20170619,46382_1560,Myotis thysanodes,Brewster,TX,TX1,46382_1560_1SD,MK782276,50,Ascomycota,Dothideomycetes,Pleosporales,Didymellaceae,NA,NA,cluster17,,,,,,,,,,,,
20170619,46382_1560,Myotis thysanodes,Brewster,TX,TX1,46382_1560_2SD,MK782277,50,Ascomycota,Dothideomycetes,Pleosporales,Didymellaceae,NA,NA,cluster17,,,,,,,,,,,,
20170619,46382_1560,Myotis thysanodes,Brewster,TX,TX1,46382_1560_3LNA,MK782278,100,Basidiomycota,Tremellomycetes,Filobasidiales,Filobasidiaceae,Naganishia,albida,cluster15,,,,,,,,,,,,
20170619,46382_1562,Myotis thysanodes,Brewster,TX,TX1,46382_1562_1LNA,MK782279,1,Ascomycota,Dothideomycetes,Dothideales,Aureobasidiaceae,Aureobasidium,NA,cluster2,,,,,,,,,,,,
20170619,46382_1562,Myotis thysanodes,Brewster,TX,TX1,46382_1562_1SD,MK782280,2,Ascomycota,Dothideomycetes,Dothideales,Aureobasidiaceae,Aureobasidium,NA,cluster2,,,,,,,,,,,,
20170619,46382_1562,Myotis thysanodes,Brewster,TX,TX1,46382_1562_2SD,MK782281,1,Ascomycota,Dothideomycetes,Dothideales,Aureobasidiaceae,Aureobasidium,pullulans,cluster50,,,,,,,,,,,,
20170621,46382_1563,Myotis thysanodes,Brewster,TX,TX1,46382_1563_3LNA,MK782282,100,Basidiomycota,Tremellomycetes,Filobasidiales,Filobasidiaceae,Naganishia,randhawae,cluster117,,,,,,,,,,,,
20170619,46382_1564,Myotis thysanodes,Brewster,TX,TX1,NA,NA,no fungi isolated,NA,NA,NA,NA,NA,NA,NA,,,,,,,,,,,,
20170621,46382_1565,Myotis thysanodes,Brewster,TX,TX1,46382_1565_2LNA,MK782283,1,Basidiomycota,Tremellomycetes,Tremellales,NA,NA,NA,cluster41,,,,,,,,,,,,
20170621,46382_1565,Myotis thysanodes,Brewster,TX,TX1,46382_1565_2SD,MK782284,3,Basidiomycota,Tremellomycetes,Tremellales,NA,NA,NA,cluster41,,,,,,,,,,,,
20170619,46382_1566,Myotis thysanodes,Brewster,TX,TX1,46382_1566_2aSD,MK782285,15,Ascomycota,Dothideomycetes,Dothideales,Aureobasidiaceae,Aureobasidium,namibiae,cluster50,,,,,,,,,,,,
20170619,46382_1566,Myotis thysanodes,Brewster,TX,TX1,46382_1566_2bSD,MK782286,10,Ascomycota,Dothideomycetes,Dothideales,Aureobasidiaceae,Aureobasidium,namibiae,cluster2,,,,,,,,,,,,
20170619,46382_1566,Myotis thysanodes,Brewster,TX,TX1,46382_1566_2LNA,MK782287,500,Basidiomycota,Tremellomycetes,Filobasidiales,Filobasidiaceae,Filobasidium,floriforme,cluster185,,,,,,,,,,,,
20170619,46382_1566,Myotis thysanodes,Brewster,TX,TX1,46382_1566_3LNA,MK782288,50,Ascomycota,Dothideomycetes,Dothideales,Aureobasidiaceae,Aureobasidium,namibiae,cluster50,,,,,,,,,,,,
20170619,46382_1566,Myotis thysanodes,Brewster,TX,TX1,46382_1566_5SD,MK782289,1,Basidiomycota,Tremellomycetes,Filobasidiales,Filobasidiaceae,Filobasidium,magnum,cluster56,,,,,,,,,,,,
20170621,46382_1567,Myotis thysanodes,Brewster,TX,TX1,46382_1567_1LNA,MK782290,6,Ascomycota,Dothideomycetes,Dothideales,Aureobasidiaceae,Aureobasidium,NA,cluster2,,,,,,,,,,,,
20170621,46382_1567,Myotis thysanodes,Brewster,TX,TX1,46382_1567_1SD,MK782291,10,Ascomycota,Dothideomycetes,Dothideales,Aureobasidiaceae,Aureobasidium,namibiae,cluster50,,,,,,,,,,,,
20170621,46382_1567,Myotis thysanodes,Brewster,TX,TX1,46382_1567_2LNA,MK782292,5,Ascomycota,Dothideomycetes,Dothideales,Aureobasidiaceae,Aureobasidium,namibiae,cluster2,,,,,,,,,,,,
20170619,46382_1568,Myotis thysanodes,Brewster,TX,TX1,NA,NA,no fungi isolated,NA,NA,NA,NA,NA,NA,NA,,,,,,,,,,,,
20170621,46382_1569,Myotis thysanodes,Brewster,TX,TX1,46382_1569_1LNA,MK782294,100,Basidiomycota,Tremellomycetes,Filobasidiales,Filobasidiaceae,Filobasidium,magnum,cluster56,,,,,,,,,,,,
20170621,46382_1569,Myotis thysanodes,Brewster,TX,TX1,46382_1569_1SD,MK782293,23,Basidiomycota,Tremellomycetes,Filobasidiales,Filobasidiaceae,Filobasidium,magnum,cluster56,,,,,,,,,,,,
20170621,46382_1569,Myotis thysanodes,Brewster,TX,TX1,46382_1569_1SD,MK782295,1,Ascomycota,Dothideomycetes,Dothideales,Aureobasidiaceae,Aureobasidium,NA,cluster50,,,,,,,,,,,,
20170621,46382_1571,Myotis thysanodes,Brewster,TX,TX1,NA,NA,no fungi isolated,NA,NA,NA,NA,NA,NA,NA,,,,,,,,,,,,
20170619,46382_1572,Myotis thysanodes,Brewster,TX,TX1,NA,NA,no fungi isolated,NA,NA,NA,NA,NA,NA,NA,,,,,,,,,,,,
20170621,46382_1573,Myotis thysanodes,Brewster,TX,TX1,NA,NA,no fungi isolated,NA,NA,NA,NA,NA,NA,NA,,,,,,,,,,,,
20170619,46382_1574,Myotis thysanodes,Brewster,TX,TX1,NA,NA,no fungi isolated,NA,NA,NA,NA,NA,NA,NA,,,,,,,,,,,,
20150211,44797_001,Myotis velifer,Hardeman,TX,TX2,NA,NA,no fungi isolated,NA,NA,NA,NA,NA,NA,NA,,,,,,,,,,,,
20150211,44797_002,Myotis velifer,Hardeman,TX,TX2,NA,NA,no fungi isolated,NA,NA,NA,NA,NA,NA,NA,,,,,,,,,,,,
20150211,44797_006,Myotis velifer,Hardeman,TX,TX2,NA,NA,no fungi isolated,NA,NA,NA,NA,NA,NA,NA,,,,,,,,,,,,
20150211,44797_007,Myotis velifer,Hardeman,TX,TX2,NA,NA,no fungi isolated,NA,NA,NA,NA,NA,NA,NA,,,,,,,,,,,,
20150211,44797_008,Myotis velifer,Hardeman,TX,TX2,44797_008_3SD,MK782221,2,Basidiomycota,Tremellomycetes,Trichosporonales,Trichosporonaceae,Cutaneotrichosporon,moniliiforme,cluster69,,,,,,,,,,,,
20150211,44797_009,Myotis velifer,Hardeman,TX,TX2,NA,NA,no fungi isolated,NA,NA,NA,NA,NA,NA,NA,,,,,,,,,,,,
20150211,44797_012,Myotis velifer,Hardeman,TX,TX2,44797_012_1LNA,MK782356,19,Basidiomycota,Tremellomycetes,Trichosporonales,Trichosporonaceae,Trichosporon,otae,cluster175,,,,,,,,,,,,
20150211,44797_012,Myotis velifer,Hardeman,TX,TX2,44797_012_2SD,MK782357,41,Basidiomycota,Tremellomycetes,Trichosporonales,Trichosporonaceae,Trichosporon,otae,cluster175,,,,,,,,,,,,
20150211,44797_013,Myotis velifer,Hardeman,TX,TX2,44797_013_1LNA,MK782358,3,Basidiomycota,Tremellomycetes,Trichosporonales,Trichosporonaceae,Cutaneotrichosporon,moniliiforme,cluster69,,,,,,,,,,,,
20150211,44797_013,Myotis velifer,Hardeman,TX,TX2,44797_013_2SD,MK782359,5,Ascomycota,Dothideomycetes,Dothideales,Aureobasidiaceae,Aureobasidium,pullulans,cluster2,,,,,,,,,,,,
20150211,44797_014,Myotis velifer,Hardeman,TX,TX2,44797_014_2SD,MK782361,1,Basidiomycota,Tremellomycetes,Trichosporonales,Trichosporonaceae,Trichosporon,otae,cluster175,,,,,,,,,,,,
20150211,44797_015,Myotis velifer,Hardeman,TX,TX2,44797_015_1LNA,MK782365,1,Basidiomycota,Tremellomycetes,Trichosporonales,Trichosporonaceae,Trichosporon,otae,cluster175,,,,,,,,,,,,
20150211,44797_015,Myotis velifer,Hardeman,TX,TX2,44797_015_2SD,MK782366,1,Basidiomycota,Tremellomycetes,Trichosporonales,Trichosporonaceae,Trichosporon,otae,cluster175,,,,,,,,,,,,
20150211,44797_016,Myotis velifer,Hardeman,TX,TX2,44797_016_1LNA,MK782371,29,Basidiomycota,Tremellomycetes,Trichosporonales,Trichosporonaceae,Cutaneotrichosporon,moniliiforme,cluster69,,,,,,,,,,,,
20150211,44797_016,Myotis velifer,Hardeman,TX,TX2,44797_016_2SD,MK782372,2,Basidiomycota,Tremellomycetes,Trichosporonales,Trichosporonaceae,Trichosporon,otae,cluster175,,,,,,,,,,,,
20150211,44797_016,Myotis velifer,Hardeman,TX,TX2,44797_016_4SD,MK782373,2,Basidiomycota,Tremellomycetes,Tremellales,Bulleribasidiaceae,Vishniacozyma,carnescens,cluster143,,,,,,,,,,,,
20150211,44797_10,Myotis velifer,Hardeman,TX,TX2,44797_10_4SD,MK782296,3,Basidiomycota,Tremellomycetes,Trichosporonales,Trichosporonaceae,Cutaneotrichosporon,moniliiforme,cluster69,,,,,,,,,,,,
20150211,44797_11,Myotis velifer,Hardeman,TX,TX2,44797_11_2SD,MK782297,50,Ascomycota,Dothideomycetes,Dothideales,Aureobasidiaceae,Aureobasidium,namibiae,cluster50,,,,,,,,,,,,
20150211,44797_11,Myotis velifer,Hardeman,TX,TX2,44797_11_4SD,MK782298,2,Basidiomycota,Tremellomycetes,Trichosporonales,Trichosporonaceae,Cutaneotrichosporon,guehoae,cluster191,,,,,,,,,,,,
20150211,44797_17,Myotis velifer,Hardeman,TX,TX2,44797_17_2SD,MK782374,1,Basidiomycota,Tremellomycetes,Trichosporonales,Trichosporonaceae,Trichosporon,otae,cluster175,,,,,,,,,,,,
20150211,44797_18,Myotis velifer,Hardeman,TX,TX2,44797_18_2SD,MK782375,6,Basidiomycota,Tremellomycetes,Trichosporonales,Trichosporonaceae,Trichosporon,otae,cluster175,,,,,,,,,,,,
20150211,44797_19,Myotis velifer,Hardeman,TX,TX2,NA,NA,no fungi isolated,NA,NA,NA,NA,NA,NA,NA,,,,,,,,,,,,
20150211,44797_20,Myotis velifer,Hardeman,TX,TX2,NA,NA,no fungi isolated,NA,NA,NA,NA,NA,NA,NA,,,,,,,,,,,,
20150211,44797_21,Myotis velifer,Hardeman,TX,TX2,44797_21_1SD,MK782376,3,Ascomycota,Dothideomycetes,Dothideales,Aureobasidiaceae,Aureobasidium,pullulans,cluster50,,,,,,,,,,,,
20150211,44797_22,Myotis velifer,Hardeman,TX,TX2,44797_22_2SD,MK782387,6,Ascomycota,Dothideomycetes,Dothideales,Aureobasidiaceae,Aureobasidium,pullulans,cluster2,,,,,,,,,,,,
20150211,44797_23,Myotis velifer,Hardeman,TX,TX2,NA,NA,no fungi isolated,NA,NA,NA,NA,NA,NA,NA,,,,,,,,,,,,
20150211,44797_24,Myotis velifer,Hardeman,TX,TX2,NA,NA,no fungi isolated,NA,NA,NA,NA,NA,NA,NA,,,,,,,,,,,,
20150211,44797_25,Myotis velifer,Hardeman,TX,TX2,44797_25_1LNA,MK782389,2,Basidiomycota,Tremellomycetes,Trichosporonales,Trichosporonaceae,Cutaneotrichosporon,moniliiforme,cluster69,,,,,,,,,,,,
20150211,44797_25,Myotis velifer,Hardeman,TX,TX2,44797_25_3SD,MK782390,1,Basidiomycota,Tremellomycetes,Trichosporonales,Trichosporonaceae,Cutaneotrichosporon,moniliiforme,cluster69,,,,,,,,,,,,
20150211,44797_26,Myotis velifer,Hardeman,TX,TX2,44797_26_3SD,MK782391,6,Basidiomycota,Tremellomycetes,Trichosporonales,Trichosporonaceae,Cutaneotrichosporon,moniliiforme,cluster69,,,,,,,,,,,,
20150211,44797_27,Myotis velifer,Hardeman,TX,TX2,44797_27_2SD,MK782392,1,Basidiomycota,Tremellomycetes,Trichosporonales,Trichosporonaceae,Trichosporon,otae,cluster175,,,,,,,,,,,,
20150211,44797_28,Myotis velifer,Hardeman,TX,TX2,NA,NA,no fungi isolated,NA,NA,NA,NA,NA,NA,NA,,,,,,,,,,,,
20150211,44797_29,Myotis velifer,Hardeman,TX,TX2,NA,NA,no fungi isolated,NA,NA,NA,NA,NA,NA,NA,,,,,,,,,,,,
20150211,44797_3,Myotis velifer,Hardeman,TX,TX2,44797_3_3SD,MK782403,1,Basidiomycota,Tremellomycetes,Trichosporonales,Trichosporonaceae,Cutaneotrichosporon,moniliiforme,cluster69,,,,,,,,,,,,
20150211,44797_30,Myotis velifer,Hardeman,TX,TX2,44797_30_1LNA,MK782395,1,Basidiomycota,Tremellomycetes,Trichosporonales,Trichosporonaceae,Cutaneotrichosporon,moniliiforme,cluster69,,,,,,,,,,,,
20150211,44797_31,Myotis velifer,Hardeman,TX,TX2,NA,NA,no fungi isolated,NA,NA,NA,NA,NA,NA,NA,,,,,,,,,,,,
20150211,44797_4,Myotis velifer,Hardeman,TX,TX2,44797_4_2SD,MK782450,5,Basidiomycota,Tremellomycetes,Trichosporonales,Trichosporonaceae,Cutaneotrichosporon,moniliiforme,cluster69,,,,,,,,,,,,
20150211,44797_5,Myotis velifer,Hardeman,TX,TX2,44797_5_2SD,MK782456,3,Basidiomycota,Tremellomycetes,Trichosporonales,Trichosporonaceae,Trichosporon,otae,cluster175,,,,,,,,,,,,
20170131,45702_1066,Corynorhinus townsendii,Garfield,UT,UT1,NA,NA,no fungi isolated,NA,NA,NA,NA,NA,NA,NA,,,,,,,,,,,,
20170131,45702_1067,Corynorhinus townsendii,Garfield,UT,UT1,NA,NA,no fungi isolated,NA,NA,NA,NA,NA,NA,NA,,,,,,,,,,,,
20170131,45702_1068,Corynorhinus townsendii,Garfield,UT,UT1,NA,NA,no fungi isolated,NA,NA,NA,NA,NA,NA,NA,,,,,,,,,,,,
20170131,45702_1069,Corynorhinus townsendii,Garfield,UT,UT1,NA,NA,no fungi isolated,NA,NA,NA,NA,NA,NA,NA,,,,,,,,,,,,
20170131,45702_1070,Corynorhinus townsendii,Garfield,UT,UT1,45702_1070_0SD,MK782167,2,Ascomycota,Dothideomycetes,Dothideales,NA,NA,NA,cluster115,,,,,,,,,,,,
20170131,45702_1071,Corynorhinus townsendii,Garfield,UT,UT1,45702_1071_2SD,MK782168,1,Ascomycota,Eurotiomycetes,Chaetothyriales,Herpotrichiellaceae,Phialophora,hyalina,cluster59,,,,,,,,,,,,
20170131,45702_1072,Corynorhinus townsendii,Garfield,UT,UT1,NA,NA,no fungi isolated,NA,NA,NA,NA,NA,NA,NA,,,,,,,,,,,,
20170131,45702_1073,Corynorhinus townsendii,Garfield,UT,UT1,NA,NA,no fungi isolated,NA,NA,NA,NA,NA,NA,NA,,,,,,,,,,,,
20170131,45702_1074,Corynorhinus townsendii,Garfield,UT,UT1,NA,NA,no fungi isolated,NA,NA,NA,NA,NA,NA,NA,,,,,,,,,,,,
20170131,45702_1075,Corynorhinus townsendii,Garfield,UT,UT1,NA,NA,no fungi isolated,NA,NA,NA,NA,NA,NA,NA,,,,,,,,,,,,
20170131,45702_1077,Corynorhinus townsendii,Garfield,UT,UT1,NA,NA,no fungi isolated,NA,NA,NA,NA,NA,NA,NA,,,,,,,,,,,,
20170131,45702_1078,Corynorhinus townsendii,Garfield,UT,UT1,NA,NA,no fungi isolated,NA,NA,NA,NA,NA,NA,NA,,,,,,,,,,,,
20170131,45702_1079,Corynorhinus townsendii,Garfield,UT,UT1,NA,NA,no fungi isolated,NA,NA,NA,NA,NA,NA,NA,,,,,,,,,,,,
20170131,45702_1080,Myotis ciliolabrum,Garfield,UT,UT1,NA,NA,no fungi isolated,NA,NA,NA,NA,NA,NA,NA,,,,,,,,,,,,
20170131,45702_1081,Corynorhinus townsendii,Garfield,UT,UT1,NA,NA,no fungi isolated,NA,NA,NA,NA,NA,NA,NA,,,,,,,,,,,,
20170131,45702_1082,Corynorhinus townsendii,Garfield,UT,UT1,NA,NA,no fungi isolated,NA,NA,NA,NA,NA,NA,NA,,,,,,,,,,,,
20170131,45702_1083,Corynorhinus townsendii,Garfield,UT,UT1,NA,NA,no fungi isolated,NA,NA,NA,NA,NA,NA,NA,,,,,,,,,,,,
20170131,45702_1084,Corynorhinus townsendii,Garfield,UT,UT1,NA,NA,no fungi isolated,NA,NA,NA,NA,NA,NA,NA,,,,,,,,,,,,
20170131,45702_1085,Corynorhinus townsendii,Garfield,UT,UT1,NA,NA,no fungi isolated,NA,NA,NA,NA,NA,NA,NA,,,,,,,,,,,,
20170131,45702_1087,Corynorhinus townsendii,Garfield,UT,UT1,NA,NA,no fungi isolated,NA,NA,NA,NA,NA,NA,NA,,,,,,,,,,,,
20170131,45702_1088,Corynorhinus townsendii,Garfield,UT,UT1,NA,NA,no fungi isolated,NA,NA,NA,NA,NA,NA,NA,,,,,,,,,,,,
20170131,45702_1089,Corynorhinus townsendii,Garfield,UT,UT1,NA,NA,no fungi isolated,NA,NA,NA,NA,NA,NA,NA,,,,,,,,,,,,
20170131,45702_1090,Corynorhinus townsendii,Garfield,UT,UT1,NA,NA,no fungi isolated,NA,NA,NA,NA,NA,NA,NA,,,,,,,,,,,,
20170131,45702_1091,Corynorhinus townsendii,Garfield,UT,UT1,NA,NA,no fungi isolated,NA,NA,NA,NA,NA,NA,NA,,,,,,,,,,,,
20170131,45702_1092,Myotis ciliolabrum,Garfield,UT,UT1,NA,NA,no fungi isolated,NA,NA,NA,NA,NA,NA,NA,,,,,,,,,,,,
20170131,45702_1093,Corynorhinus townsendii,Garfield,UT,UT1,NA,NA,no fungi isolated,NA,NA,NA,NA,NA,NA,NA,,,,,,,,,,,,
20170131,45702_1094,Corynorhinus townsendii,Garfield,UT,UT1,NA,NA,no fungi isolated,NA,NA,NA,NA,NA,NA,NA,,,,,,,,,,,,
20170131,45702_1095,Corynorhinus townsendii,Garfield,UT,UT1,NA,NA,no fungi isolated,NA,NA,NA,NA,NA,NA,NA,,,,,,,,,,,,
20160112,45702_281,Corynorhinus townsendii,Garfield,UT,UT1,NA,NA,no fungi isolated,NA,NA,NA,NA,NA,NA,NA,,,,,,,,,,,,
20160112,45702_283,Corynorhinus townsendii,Garfield,UT,UT1,NA,NA,no fungi isolated,NA,NA,NA,NA,NA,NA,NA,,,,,,,,,,,,
20160112,45702_284,Corynorhinus townsendii,Garfield,UT,UT1,NA,NA,no fungi isolated,NA,NA,NA,NA,NA,NA,NA,,,,,,,,,,,,
20160112,45702_288,Myotis ciliolabrum,Garfield,UT,UT1,45702_288_4SD,MK782384,1,Ascomycota,Eurotiomycetes,Eurotiales,Trichocomaceae,Talaromyces,NA,cluster156,,,,,,,,,,,,
20160112,45702_291,Corynorhinus townsendii,Garfield,UT,UT1,NA,NA,no fungi isolated,NA,NA,NA,NA,NA,NA,NA,,,,,,,,,,,,
20160112,45702_292,Corynorhinus townsendii,Garfield,UT,UT1,NA,NA,no fungi isolated,NA,NA,NA,NA,NA,NA,NA,,,,,,,,,,,,
20160112,45702_295,Corynorhinus townsendii,Garfield,UT,UT1,NA,NA,no fungi isolated,NA,NA,NA,NA,NA,NA,NA,,,,,,,,,,,,
20160112,45702_296,Myotis ciliolabrum,Garfield,UT,UT1,45702_296_2SD,MK782388,1,Ascomycota,Eurotiomycetes,Eurotiales,Trichocomaceae,Talaromyces,NA,cluster156,,,,,,,,,,,,
20160112,45702_297,Corynorhinus townsendii,Garfield,UT,UT1,NA,NA,no fungi isolated,NA,NA,NA,NA,NA,NA,NA,,,,,,,,,,,,
20160112,45702_298,Corynorhinus townsendii,Garfield,UT,UT1,NA,NA,no fungi isolated,NA,NA,NA,NA,NA,NA,NA,,,,,,,,,,,,
20160112,45702_299,Corynorhinus townsendii,Garfield,UT,UT1,NA,NA,no fungi isolated,NA,NA,NA,NA,NA,NA,NA,,,,,,,,,,,,
20180403,46749_1,Myotis yumanensis,King,WA,WA1,46749_1_1SD,MK782396,7,Ascomycota,Dothideomycetes,Dothideales,Aureobasidiaceae,Aureobasidium,pullulans,cluster50,,,,,,,,,,,,
20180403,46749_10,Myotis yumanensis,King,WA,WA1,NA,NA,no fungi isolated,NA,NA,NA,NA,NA,NA,NA,,,,,,,,,,,,
20180403,46749_11,Myotis yumanensis,King,WA,WA1,NA,NA,no fungi isolated,NA,NA,NA,NA,NA,NA,NA,,,,,,,,,,,,
20180403,46749_2,Myotis yumanensis,King,WA,WA1,46749_2_1SD,MK782397,3,Basidiomycota,Tremellomycetes,Holtermanniales,Holtermanniales_fam_Incertae_sedis,Holtermanniella,takashimae,cluster12,,,,,,,,,,,,
20180403,46749_2,Myotis yumanensis,King,WA,WA1,46749_2_2SD,MK782398,3,Ascomycota,Taphrinomycetes,Taphrinales,Protomycetaceae,Protomyces,inouyei,cluster80,,,,,,,,,,,,
20180403,46749_4,Myotis yumanensis,King,WA,WA1,NA,NA,no fungi isolated,NA,NA,NA,NA,NA,NA,NA,,,,,,,,,,,,
20180403,46749_5,Myotis yumanensis,King,WA,WA1,NA,NA,no fungi isolated,NA,NA,NA,NA,NA,NA,NA,,,,,,,,,,,,
20180403,46749_6,Myotis yumanensis,King,WA,WA1,NA,NA,no fungi isolated,NA,NA,NA,NA,NA,NA,NA,,,,,,,,,,,,
20180403,46749_7,Myotis yumanensis,King,WA,WA1,NA,NA,no fungi isolated,NA,NA,NA,NA,NA,NA,NA,,,,,,,,,,,,
20180403,46749_8,Myotis yumanensis,King,WA,WA1,NA,NA,no fungi isolated,NA,NA,NA,NA,NA,NA,NA,,,,,,,,,,,,
20180403,46749_9,Myotis yumanensis,King,WA,WA1,NA,NA,no fungi isolated,NA,NA,NA,NA,NA,NA,NA,,,,,,,,,,,,
20180403,46749_3,Myotis yumanensis,King,WA,WA1,46749_3_1SD,MK782399,2,Basidiomycota,Tremellomycetes,Holtermanniales,Holtermanniales_fam_Incertae_sedis,Holtermanniella,takashimae,cluster12,,,,,,,,,,,,
20160428,45698_832,Eptesicus fuscus,Thurston,WA,WA2,45698_832_1LNA,MK782465,14,Ascomycota,Saccharomycetes,Saccharomycetales,Trichomonascaceae,Blastobotrys,buckinghamii,cluster142,,,,,,,,,,,,
20160428,45698_832,Eptesicus fuscus,Thurston,WA,WA2,45698_832_7SD,MK782466,20,Basidiomycota,Tremellomycetes,Tremellales,Bulleribasidiaceae,Vishniacozyma,NA,cluster116,,,,,,,,,,,,
20160428,45698_845,Eptesicus fuscus,Thurston,WA,WA2,45698_845_1LNA,MK782471,5,Ascomycota,Saccharomycetes,Saccharomycetales,Trichomonascaceae,Blastobotrys,buckinghamii,cluster142,,,,,,,,,,,,
20160428,45698_845,Eptesicus fuscus,Thurston,WA,WA2,45698_845_2SD,MK782472,300,Ascomycota,Dothideomycetes,Dothideales,Aureobasidiaceae,Aureobasidium,NA,cluster2,,,,,,,,,,,,
20160428,45698_845,Eptesicus fuscus,Thurston,WA,WA2,45698_845_3LNA,MK782473,2,Ascomycota,Saccharomycetes,Dothideales,NA,NA,NA,cluster79,,,,,,,,,,,,
20160428,45698_845,Eptesicus fuscus,Thurston,WA,WA2,45698_845_4SD,MK782474,30,Ascomycota,Eurotiomycetes,Dothideales,Cyphellophoraceae,Cyphellophora,sessilis,cluster208,,,,,,,,,,,,
20160428,45698_846,Eptesicus fuscus,Thurston,WA,WA2,45698_846_2aSD,MK782475,1,Basidiomycota,Tremellomycetes,Tremellales,Bulleribasidiaceae,Vishniacozyma,victoriae,cluster11,,,,,,,,,,,,
20160428,45698_846,Eptesicus fuscus,Thurston,WA,WA2,45698_846_3SD,MK782476,100,Basidiomycota,Tremellomycetes,Tremellales,Bulleribasidiaceae,Vishniacozyma,victoriae,cluster11,,,,,,,,,,,,
20160105,45703_224,Myotis ciliolabrum,Platte,WY,WY1,45703_224_2SD,MK782370,1,Ascomycota,Sordariomycetes,Hypocreales,Nectriaceae,Nectria,pseudotrichia,cluster151,,,,,,,,,,,,
20160105,45703_225,Corynorhinus townsendii,Platte,WY,WY1,NA,NA,no fungi isolated,NA,NA,NA,NA,NA,NA,NA,,,,,,,,,,,,
20160105,45703_226,Corynorhinus townsendii,Platte,WY,WY1,NA,NA,no fungi isolated,NA,NA,NA,NA,NA,NA,NA,,,,,,,,,,,,
20151221,45703_222,Myotis ciliolabrum,Goshen,WY,WY2,45703_222_2SD,MK782368,18,Ascomycota,Dothideomycetes,Dothideales,NA,NA,NA,cluster2,,,,,,,,,,,,
20151221,45703_222,Myotis ciliolabrum,Goshen,WY,WY2,45703_222_6SD,MK782369,1,Ascomycota,Dothideomycetes,Mytilinidiales,Mytilinidiales_fam_Incertae_sedis,Halokirschsteiniothelia,maritima,cluster110,,,,,,,,,,,,
20151221,45703_221,Corynorhinus townsendii,Goshen,WY,WY3,45703_221_1LNA,MK782367,1,Ascomycota,Leotiomycetes,Helotiales,Vibrisseaceae,Phialocephala,fluminis,cluster100,,,,,,,,,,,,
